명칭,주소,위도,경도,개요,영업시간,쉬는날,상세정보,키워드,카테고리,지역
LG아트센터 서울,서울 강서 마곡중앙로 136 (마곡동),37.5653406087,126.8294429794,LG아트센터 서울은 LG연암문화재단에서 LG그룹의 재정적 지원을 받아 운영하고 있는 비영리 공연장이다. 2000년 3월 서울 강남구 역삼동에서 개관한 LG아트센터는 동시대를 살면서 놓쳐서는 안 될 세계 최고 수준의 작품들을 우리 관객들에게 선보이는 것을 목표로 예술가들과 관객들 모두에게 놀라운 영감을 선사하기 위해 노력해오고 있다. 2022년 10월 서울 강서구 마곡으로 이전하여 세계적인 건축가 안도 다다오의 설계로 풍부한 자연환경 속에서 한층 확장된 예술 체험이 가능한 열린 공간으로 다시 태어났다. LG아트센터는 앞으로도 창의적인 예술가와 열정적인 관객들이 만나 자유롭게 소통하는 공간이며 언제나 믿고 찾을 수 있는 공연장이다. (출처 : LG아트센터 홈페이지),10:00-23:00,매주 월요일,nan,"['LG아트센터', '서울', '관객', '공연장', '세계']",문화시설,서울
강동문화원,서울 강동 상암로 168 (천호동),37.5457706995,127.1412345681,강동문화원은 1999년 강동구 지역 문화의 개발 보급 보존 전승 및 선양을 위하여 설립되었다. 1999년 설립되어 그동안 운영이 미진하였으나 2005년 새로운 임원진 구성과 함께 강동구 일원 지표조사를 실시하는 등 활발한 활동을 하고 있다. 강동문화원은 많은 강동구민들을 위한 둔촌 백일장 사생대회 및 작품전시회 또한 필하모닉 오케스트라와 혼성 중창단 등 다양한 문화활동을 진행하고 있으며 사회배려계층을 위한 프로그램들과 서울 암사동 유적 관련 사업 등을 통해 지역 사회의 정서함양을 위한 노력을 하고 있다. 대표적인 문화강좌로는 고전 소설 심리학 등 다양한 주제의 강의를 들을 수 있는 강동문화대학과 라인댄스가 있다.,09:00-21:00,매주 일요일 / 법정공휴일 / 1월 1일 / 설·추석 연휴,체험프로그램:라인댄스 사업내용:1) 지역 고유문화의 계발 보급 보존 전승 및 선양 2) 지역 문화행사의 개최 3) 지역 전통문화의 국내 외 교류 4) 지역 환경보존 등 지역 사회발전을 위한 문화 활동 5) 정보화 육성에 필요한 사회 교육 문화활동 6) 향토사의 조사 연구 및 사료의 수집 보존 7) 지역 문화에 대한 자료의 수집 보존 및 보급 8) 지역 문화에 대한 사회교육활동 9) 지역 장학 사업 10) 기타 지역 문화 발전에 기여할 수 있는 사업,"['문화', '위하', '강동', '강동구', '문화원']",문화시설,서울
강서별빛우주과학관,서울 강서 금낭화로 178 (방화동) (방화근린공원 내),37.5810885136,126.8146355542,강서별빛우주과학관은 시민들이 천문우주과학에 보다 쉽게 다가설 수 있는 공간으로 만들어졌다. 천문학 상식을 넓힐 수 있는 전시 시설과 다양한 강좌 프로그램을 위한 강의 공간을 갖추고 있다. 60여 명을 수용할 수 있는 지름 10m 천체투영실에서는 별자리 교육을 받고 천문우주영상을 관람할 수 있다.,09:30-18:00,"매주 월요일 / 1월 1일 / 설·추석 당일 단, 월요일이 공휴일인 경우, 그 다음날 휴관 시설 점검 및 그 밖의 사유로 인해 휴관 할 수 있음 (홈페이지 사전 공지) 천재지변 등 긴급한 사유로 인할 경우 공지 없이 휴관 할 수 있음",체험프로그램:천체투영실 / 아기랑 함께하는 천체투영실 / 전시해설 / 천체관측 등 예약안내:,"['천문', '우주', '공간', '강서', '별빛']",문화시설,서울
강서아트리움,서울 강서 가로공원로 195 (화곡동),37.5376050905,126.8376513443,강서아트리움은 ‘문화’와 ‘구민’의 소통을 통해 지역 문화를 활성화하고 구민의 삶을 다채롭게 하는 강서의 대표 문화 공간이다. 지역 사회와 함께하는 소중한 문화 예술의 장으로서 고귀한 예술과 다양한 문화의 만남을 즐길 수 있는 공간이다. 예술의 향연과 창의성이 넘치는 전시들이 가득 찬 곳으로 강서구 주민들에게 풍요로운 문화 경험을 선사한다. 또한 문화예술 강좌를 통해 누구나 저렴한 비용으로 전문지식과 다양한 형태의 학습 기회를 접할 수 있으며 다양한 세대 다양한 관심을 가진 사람들이 함께 모여 즐거움과 배움을 나눌 수 있다.,10:00-20:00,매주 일요일 / 공휴일,체험프로그램:문화강좌 일정 별로 진행하는 프로그램이 상이하므로 자세한 사항은 홈페이지 참조 :,"['문화', '예술', '다양', '강서', '구민']",문화시설,서울
갤러리 마노,서울 강남 압구정로46길 71,37.5240907763,127.0365891542,2003년 가회동에 처음 개관한 갤러리 마노는 2016년 압구정로 도산공원 앞으로 이전하였다. 갤러리 마노는 국내의 현대 미술을 대표하는 중진 작가뿐 아니라 참신하고 독창적인 작업을 하는 젊은 작가들의 자료를 면밀히 검토하고 발굴하여 그들의 역량을 펼쳐 보일 수 있는 기획 전시를 하고 있다. 갤러리 마노의 전시 방향은 작가들의 자료를 면밀히 분석하여 참신하고 독창적인 작업을 열심히 하는 작가들을 초대해 전시 기회를 마련하는 것이다. 작가와 갤러리 그리고 관객의 뜻을 담아 갤러리 마노는 회화 조각 사진 판화 미디어 영상 디자인 등 모든 장르의 작품을 통해 많은 사람들의 마음을 풍요롭게 만들고자 한다.,10:30-18:00,매주 일요일~월요일 / 법정공휴일,nan,"['갤러리', '작가', '마노', '전시', '독창']",문화시설,서울
건국대학교 박물관,서울 광진 능동로 120,37.5428781974,127.0763072274,건국대학교 박물관은 고고 역사 미술 민속 학교역사자료 등 6천여 점을 소장하고 있는 종합박물관이다. 1963년 개관 이래 동국정운(국보 제142호) 율곡 이이 선생가 분재기(보물 제477호) 등 귀중한 문화유산을 수집 보존 전시하고 있다. 설립자 상허 유석창 박사의 기념관으로 상허선생의 삶과 활동을 보여주는 다양한 학교역사자료와 유품을 상설 전시하고 있다. 또한 대학인과 지역주민을 대상으로 박물관대학(인문학강좌 문화유적답사)을 운영하고 있으며 소장품의 데이터베이스 구축 특별전시 역사·문화 교육 등 복합문화공간으로서의 기능을 확대하고 있다.,10:00-16:00,"매주 토요일, 일요일 / 공휴일",체험프로그램:문화강좌 / 유적답사 예약안내:,"['역사', '문화', '박물관', '전시', '학교']",문화시설,서울
건국대학교 상허기념도서관,서울 광진 능동로 120 (화양동),37.5416615911,127.0717965616,건국대학교 상허기념도서관은 서울특별시 광진구에 위치한 건국대학교 내의 주요 도서관이다. 도서관 이름은 건국대학교 설립자 상허 유석호 선생의 기념을 의미한다. 1979년에 개관하였으며 개교 43주년인 1989년 5월 15일에 신축 개관되었다. 상허기념도서관은 다양한 학술 자원과 디지털 자료들을 제공하며 학생들과 교수들이 학문적 연구와 공부를 효율적으로 할 수 있도록 다양한 시설을 갖추고 있다. 또한 도서관 내부에는 독서 공간 그룹 스터디룸 개인 학습 공간 컴퓨터 시설 등이 마련되어 있어 편리한 학습 환경을 제공한다.,09:00-21:00,[자료실] 매주 일요일 / 법정 공휴일 [열람실] 연중무휴,사업내용:도서 열람 및 대출 / 강좌운영 / 독서 관련 행사 등,"['도서관', '건국대학교', '상허', '기념', '개관']",문화시설,서울
경기여고 경운박물관(서울),서울 강남 삼성로 29,37.4867511901,127.0656764529,경운박물관은 2003년 경기여고 동문이 뜻을 모아 2003년에 설립하였다. 개관 전 ‘근세복식과 우리 문화’를 시작으로 40회의 기획전을 통해 근세 왕실복식과 근·현대복식 및 직물 소장품의 아름다움과 학술적 역사적 가치를 알리려 노력해 왔다. 기획전시와 도록 발간 외에도 수준 높은 아카데미 강좌 전시와 연계된 체험학습 교육 대한제국 황제 12장복과 적의 황룡포 흑단령 재현 작업 등은 동문으로 구성된 자원봉사자들의 재능기부 결과물이다. 이처럼 경기여고 경운박물관은 역사와 전통이 숨 쉬고 세대 간 대화와 소통이 이루어지는 아름다운 문화공간이다.,10:00-16:00,매주 일요일 / 공휴일,체험프로그램: 소장품현황: 예약안내:,"['복식', '경운', '박물관', '경기여고', '동문']",문화시설,서울
경희대학교 중앙박물관,서울 동대문 경희대로 26 (회기동),19.69442748,117.9925662504,경희대학교 중앙박물관은 1956년 개관한 이래 고고역사민속 중심의 제1종 종합 박물관으로서 학술 교육 전시 문화재 지표 및 발굴조사 등 다양한 활동을 통하여 대학 문화를 선도하고 있다. 박물관 전시실은 고고역사실 무속실·시베리아실 옹관실 중앙전시실 기획전시실 IAUP기념관으로 구성되어 있다. 중앙박물관을 방문하면 가장 먼저 중앙 전시실을 접하게 된다. 고고역사실은 선사실 삼국실 금관실 고려시대실 도자기실 신라실 와당실로 구분되어 있으며 구석기시대부터 삼국시대에 이르기까지 다양한 유물들이 전시되어 있다. 무속실은 무속 관련 도구와 무신도들을 전시해 두었으며 시베리아실에서는 시베리아 지역의 민속 유물들을 전시하고 있다. 옹관실은 영암 내동리 출토 옹관과 동반 유물들을 전시하고 있으며 IAUP 기념관에는 세계대학총장회의 관련한 자료들을 전시하고 있다.,10:00-17:00,매주 토요일~일요일 / 법정공휴일,소장품현황:6 000여 점 소장 / 2 500여 점 전시 사업내용:문화재보존 및 과학적 관리 / 문화재 발굴·조사·연구 / 국내외 유물출품 전시 / 각종 특별전시 / 공개강좌 / 박물관 현장학습 등,"['전시', '전시실', '무속', '시베리아', '시대']",문화시설,서울
광진문화원,서울 광진 광나루로56길 67 (구의동),37.5365043011,127.0964722391,광진구 구의공원 인근에 있는 광진문화원은 1996년 설립되어 지역 문화를 계승 및 발전시키는 역할을 하고 있다. 지역 문화행사 개최 문화 예술강좌 진행 향토사료 발굴 및 국악예술단 운영 등 광진구의 문화 진흥을 위한 다양한 활동을 하고 있다. 또한 나이와 계층을 초월하고 가족들 간의 만남과 원활한 소통을 위해 300여 개의 문화예술강좌를 운영하고 다양한 동아리 활동을 지원하고 있다. 광진문화원에서는 광진구의 국악예술단을 운영하며 사물놀이패 국악실내악단 여성풍물패 어린이소래패 총 35명의 단원이 활동하고 있다. 어르신 문화 학교는 청년세대와 어르신 세대가 문화를 매개로 세대 간의 소통을 위해 여러 활동 등을 지원하고 있다. 광진문화원은 수도권 지하철 2호선 강변역 1번 출구에서 약 330m 떨어져 있다.,10:00-16:30,연중무휴,체험프로그램: 사업내용:1) 지역문화축제 전통문화축제 공연 및 전시행사 2) 문화예술단체 운영지원 및 문화프로그램 제공 3) 주민 문화예술 창작의욕 제고를 위한 프로그램 운영 4) 문화예술강좌 및 사회교육 5) 광진구 향토사료조사 및 자료집 발간 6) 지역전통문화의 국내외 교류 7) 광진정보도서관 수탁운영 예약안내:,"['문화', '활동', '광진구', '광진', '문화원']",문화시설,서울
구로꿈나무장난감나라 오류점,서울 구로 경인로20가길 38 (오류동),37.495410143,126.8460489851,장난감 놀이는 자라는 아이들이 숨을 쉬고 음식을 먹는 것만큼 자연스럽고 중요한 일이지만 아이들의 놀이터가 점점 없어지고 유익하고 재미있는 놀잇감이 부족한 현실에서 장난감나라는 부모들의 재정적 부담을 덜어주고 다양한 장난감을 빌려줌으로써 가족이 함께 놀이하는 기회를 제공하고 있다. 자라는 아이의 신체발달과 정서함양 그리고 두뇌 개발 등 자녀 양육을 지원하는 시설에 부모들의 관심이 모아지게 되었다. 전국 232개 자치구 중 최초로 문을 연 꿈나무 장난감나라는 서울시에 주민등록이 되어있거나 서울시 소재 기업체 직원 자녀의 연령이 만 나이 기준 8세인 경우 장애 아동의 경우 12세이면 1년 단위 연회비 15 000원이면 이용이 가능하다. 대여료는 무료이다. 아동 1인당 2점씩 14일 동안 대여가 가능하며 1회 14일 연장이 가능하다. 대여 중인 장난감 1점 당 1인씩 예약도 가능하다.,10:00-19:00,매주 화요일 / 법정 공휴일,소장품현황:장난감 2 851점 사업내용:부모님들의 장난감구매에 따른 재정부담을 줄이고 아이들이 여러 가지 장난감을 마음껏 경험할 수 있도록 기회를 제공하기 위해 설립,"['장난감', '가능', '아이', '놀이', '자라']",문화시설,서울
국립고궁박물관,서울 종로 효자로 12 (세종로),37.576644675,126.9749904992,1992년 궁중유물전시관으로 설립되었다. 조선시대와 대한제국기의 격조 높은 왕실유물을 전시하여 조선왕조에 대한 올바른 이해와 역사관을 정립하고자 조선왕조 정궁인 경복궁과 연계한 문화 공간으로 조성되어 광복 60주년이던 2005년 8월 15일에 국립고궁박물관으로 명칭을 변경하였고 2007년 11월에 전면 개관하였다. 조선시대 최고 수준의 문화와 정신이 집약되어 있는 왕실 유물의 과학적이고 체계적인 보존과 복원을 통해 다양하고 시의성 있는 왕실 문화 전시를 기획하고 왕실 소장품을 꾸준히 확충하여 전시 유물을 확대해나가고 있다. 또한 왕실 문화를 주제로 한 다양한 교육 프로그램을 운영하고 국내‧외의 왕실 문화 기관과의 교류 활성화에도 많은 노력을 하고 있다. 이를 통해 품격 있는 왕실 문화유산의 의미를 관람객에게 전달하며 조선 왕실과 대한제국 황실의 가치를 전달하고자 한다.,10:00-18:00,1월 1일 / 설·추석 당일,체험프로그램: 일정 및 연령 별로 진행하는 프로그램이 상이하므로 자세한 사항은 홈페이지 참조,"['왕실', '문화', '유물', '조선', '전시']",문화시설,서울
국립공원 산악박물관,서울 도봉 도봉산길 86 (도봉동),37.6871579053,127.0351735342,국립공원 산악박물관은 공공기관 최초의 산악박물관으로 2011년 10월 1일 개관하였다. 이 박물관은 한국의 산악역사와 문화를 전달하고 안전산행의 필요성을 강조하기 위해 대한산악연맹으로부터 200점 일반 산악인들로부터 1 000여 점의 기증을 받아 총 1 200점의 물품과 장비를 전시하고 있다. 또한 박물관 북카페에서는 약 4 200권의 산악잡지 및 전문서적이 전시되어 있어 산악문화를 엿볼 수 있으며 방문객들은 자유롭게 열람할 수 있다.,10:00-17:00,매주 월요일~화요일 / 1월 1일 / 설·추석 연휴,nan,"['산악', '박물관', '문화', '전시', '국립공원']",문화시설,서울
국립어린이과학관,서울 종로 창경궁로 215 (와룡동),37.5818277974,126.9967994757,국내 최초의 어린이 전용 국립과학관은 미래사회를 이끌 창의 융합형 인재 양성을 목표로 2017년 12월 개관하였다. 이곳은 과학적 원리를 근간으로 놀이와 배움을 동시에 체험할 수 있는 감각놀이터 상상놀이터 창작놀이터 3개의 과학놀이터와 천체투영관 및 천체관측소 그리고 오감으로 즐길 수 있는 4D 영상관 등 최신의 전시공간을 갖추고 있다. 또한 아이들이 부모님과 함께 배울 수 있는 과학창작 교실과 지역사회와 협업하는 과학문화 축제 등 다양한 맞춤형 프로그램들을 기획 및 운영하고 있다.,09:30-17:30,"매주 월요일 (단, 월요일이 공휴일인 경우 개관하며, 화요일에 대체 휴관) / 1월 1일 / 설·추석 당일",체험프로그램:과학교육프로그램 일정 별로 진행하는 프로그램이 상이하므로 자세한 사항은 홈페이지 참조 예약안내:,"['과학', '놀이터', '사회', '배우', '창작']",문화시설,서울
국립어린이청소년도서관,서울 강남 테헤란로7길 21 (역삼동),37.5007239303,127.0301681782,국립어린이청소년도서관은 우리 미래 세대의 지적 성장과 올바른 인성 함양을 위해 전 세계 어린이·청소년 자료를 보유하고 지식 정보에 쉽게 접근하고 활용할 수 있는 서비스를 제공하고 있다. 다양한 문화적 경험을 할 수 있는 체험 활동과 연구 지원을 수행하고 있으며 꿈 창작실 희망 창작실 등 어린이와 청소년들이 체험하며 직접 겪을 수 있는 프로그램을 통해 지식을 함양할 수 있는 곳이다.,09:00-18:00,"매월 둘째, 넷째 월요일 일요일을 제외한 관공서 공휴일 (단, 설연휴와 추석연휴 기간 중 일요일은 휴관) 임시휴관일 (특별한 사유로 관장이 필요하다고 인정한 경우) 어린이날 개관",체험프로그램: 일정 별로 진행하는 프로그램이 상이하므로 자세한 사항은 홈페이지 참조 :,"['함양', '어린이', '청소년', '지식', '체험']",문화시설,서울
국립한글박물관,서울 용산 서빙고로 139 (용산동6가),37.5211206702,126.9804999007,국립한글박물관은 한글과 한글문화 가치의 보존 확산 재창조를 위해 설립된 공간이다. 한글 문화를 활용한 전시 교육 문화행사를 개최하고 한글 문자 글꼴 등을 연구 조사하여 한글의 가치를 발굴하고 그 우수성을 널리 알리기 위해 노력하고 있다. 한국의 대표적 문화유산인 한글의 역사와 가치를 일깨우는 전시와 체험 배움의 기회를 제공하는 박물관이다. 건축 연면적 1만 1 322㎡로 지하 1층 및 지상 3층 건물과 문화행사·전시·교육 등이 가능한 야외 잔디마당과 쉼터를 갖추고 있다. 1층에는 한글도서관이 마련되었으며 2층에는 상설전시실과 ㅎ카페 문화상품점 3층에는 기획전시실 어린이를 위한 한글놀이터 외국인을 위한 한글배움터 등으로 구성되어 있다.,10:00-18:00,1월 1일 / 설날·추석 당일 한글도서관 : 법정 공휴일 (한글날 제외),한국어 안내서비스:[상설전시] 월~일: 10:00 11:00 14:00 15:00 16:00 휴일 및 공휴일 2시 해설은 초등학교 1~3학년 대상 어린이 해설로 진행 외국인 예약안내:정기 해설 시간에 맞추어 자유롭게 참여 가능 20명 이상의 단체: 누리집을 통한 관람 신청(관람 희망일 7일 전까지) 예약안내:정기 해설 시간에 맞추어 자유롭게 참여 가능 20명 이상의 단체: 누리집을 통한 관람 신청(관람 희망일 7일 전까지) 외국어 안내서비스:[영어] 수요일 14:00 15:00 [중국어] 목요일 14:00 [일본어] 금요일 14:00 대관안내:대관시설 강당 별관(2 3) 매월 / 국립한글박물관 누리집을 통한 온라인 접수 문의: 02 2124 6292,"['한글', '문화', '위하', '가치', '전시']",문화시설,서울
국립현대미술관 덕수궁,서울 중 세종대로 99,37.5657876002,126.9748047119,국립현대미술관 덕수궁은 한국 근대미술을 품은 고궁 속 미술관이다. 우리나라 근대미술의 형성과 전개 과정을 체계화하여 근대미술에 나타난 미의식과 역사관을 정립함으로써 궁극적으로 우리 민족의 문화적 정체성을 구현하기 위한 목적으로 설립되었다. 미술관이 자리한 덕수궁의 석조전 서관은 1938년에 완공된 우리나라 근대 건축양식을 대표하는 건물로서 4개의 전시실과 휴게공간 아트숍 등을 갖추고 있다. 국립현대미술관 덕수궁은 근대미술 전문기관으로서 근대미술의 조사와 연구 근대미술 관련 기획전 및 소장품을 전시하고 각종 교육프로그램의 개발과 운영 학술 활동과 출판 근대미술 관련 정보의 국제적 교류 등 다양한 사업을 추진하고 있다. 1998년 개관 이래 2005년까지 총 38회의 기획 및 소장품 전시를 개최하였으며 약 250만 명의 관람객이 미술관을 찾았다. 그뿐만 아니라 작품설명회 강연회 등의 학술행사를 개최하여 미술 전반에 관한 이해를 돕고 있으며 다양한 교육프로그램을 개발하고 운영하여 도심 속에 있는 복합문화공간으로써의 역할을 하고 있다. 수도권 지하철 1 2호선 시청역 1번 출구에서 70m에 있다.,10:00-18:00,"매주 월요일, 1월 1일",체험프로그램:청소년 : 청소년 학급 단체 작품 감상 교육프로그램(온라인) / 성인 : 전시 연계 프로그램 예약안내:단체관람을 희망하는 유치원 초·중·고등학교는 반드시 예약을 해야 하며 관람 희망일 1일전까지 단체관람 준수사항에 동의 후 신청해야 한다.,"['근대', '미술', '근대미술', '덕수궁', '미술관']",문화시설,서울
국립현대미술관 서울,서울 종로 삼청로 30 (소격동),37.5786500878,126.9800038741,국립현대미술관(서울관)은 동시대 현대미술을 중점적으로 다루는 미술관이다. 1986년 개관한 과천관 1998년에 개관한 덕수궁관에 이어 2013년 개관한 서울관은 조선시대 소격서 종친부 규장각 사간원이 있던 자리에 자리 잡고 있다. [마당] 개념을 도입하여 건축한 국립현대미술관(서울관)은 누구나 즐기고 휴식을 취할 수 있는 공간으로 꾸며져 있다. 건물의 내외부가 유기적으로 연결되어 있으며 주변 명소와도 조화를 이루도록 설계되었다. 국립현대미술관(서울관)은 전시실을 비롯하여 디지털정보실 멀티미디어홀 영화관 등 다양한 시설을 갖춘 복합예술문화센터로서 한국 현대 미술품 전시 및 신매체 융복합 전시를 진행한다.,10:00-18:00,1월1일 / 설날 / 추석,한국어 안내서비스: 월~일 : 11시~16시 매 정각 정시해설 예약안내:단체(10인 이상) 관람시 사전예약,"['서울', '국립현대미술관', '개관', '현대', '자리']",문화시설,서울
근현대사기념관,서울 강북 4.19로 114 (수유동),37.6434957358,127.0028443946,근현대사기념관이 위치한 서울시 강북구는 3·1 운동의 발원지인 봉황각과 순국선열 애국지사의 묘역 그리고 국립 4·19 민주묘지가 자리 잡고 있는 독립정신과 민주주의의 성지로 선열들의 높은 뜻을 제대로 기억하고 전파하기 위해 동학농민운동부터 4·19 혁명까지 자랑스러운 우리 역사를 전시에 담았다. ‘자유’ ‘평등’ ‘민주’의 이념이 선열들이 피땀 흘려 체득하고 축적해 온 소중한 가치임을 감동이 있는 서사로 전달함으로써 ‘독립운동가들이 꿈꾼 나라’ ‘사월혁명의 투사들이 소원했던 나라’가 바로 대한민국의 미래상임을 알리고자 2016년 5월에 개관하였다. 매해 새로운 기획전과 역사 체험 프로그램을 진행한다.,09:00-18:00,"매주 월요일(단, 월요일이 공휴일인 경우 그 다음날 휴관) / 1월 1일 / 설·추석 연휴",사업내용:기획전시 / 교육·학술 프로그램 소장품현황:박물류 / 지류 / 도서류 / 영상기록류,"['선열', '운동', '민주', '독립', '혁명']",문화시설,서울
글래드스톤 갤러리,서울 강남 삼성로 760 (청담동),37.5228189148,127.0484408888,40년 전통을 이어온 뉴욕에 중점을 둔 글래드스톤 갤러리는 아시아의 첫 지점으로 서울을 선택했다. 1980년 미국 뉴욕에서 설립된 글래드스톤 갤러리는 미국 로스엔젤레스 벨기에 브뤼셀 이탈리아 로마 등에서 갤러리를 운영하고 있다. 현대미술을 대표하는 작가 엘렉스 카츠 우고 론디노네 등과 함께하며 국제적으로 인정받고 있는 갤러리이다.,10:00-18:00,"매주 월요일, 일요일",체험프로그램: 대관안내:,"['갤러리', '뉴욕', '글래드', '스톤', '미국']",문화시설,서울
금호미술관,서울 종로 삼청로 18,37.5774613349,126.9798928074,금호미술관은 금호아시아나 그룹이 운영하고 다양한 전시와 프로그램을 통해 대중들에게 다가가고자 하는 미술관이다. 이곳은 지방작가를 발굴하여 지원하고 역량 있는 신예 작가를 비롯해 기성 작가들의 전시를 개최한다. 금호미술관은 개관 이래 동시대 미술의 흐름을 진단하고자 다양한 전시를 기획 개최하고 있다. 특정한 사조나 장르에 편중하기보다 한국미술의 전체적인 전개 양상에 주목한 기획전시는 현대미술의 주요 쟁점과 이들을 아우르는 대표 작가들로 구성하여 다양한 미적 가치를 경험하는 기회를 제공하고 있다. 국제 전시 미술과 음악을 연계시킨 전시회 어린이들을 위한 전시회까지 다양한 전시들이 기획되었다. 2008년에는 첫 번째 디자인 전시를 시작으로 디자인과 건축에 관한 전시도 기획하고 개최하여 시각예술의 영역을 더욱 확장했다. 금호미술관은 지하 1층부터 3층까지 총 7개의 전시실이 있다. 교육 기능을 담당하는 세미나실과 관람객에게 휴식을 제공하는 1층 카페테리아와 각종 디자인 용품 및 아트 상품을 판매하는 아트샵이 있어 전시 관람 전후에 둘러볼 수 있다.,10:00-18:00,매주 월요일,사업내용:전시 및 강좌 진행 소장품현황:한국 근 현대 미술품 약 3 000점 대관안내:대관 약관 및 신청서 작성를 작성하여 포트폴리오 함께 제출 소정의 심사 과정 후 대관 여부 결정,"['전시', '다양', '작가', '미술', '기획']",문화시설,서울
긱 라이브하우스,서울 마포 신촌로10길 7 (동교동),37.5564379211,126.9320588728,긱 라이브하우스는 대한민국 인디 문화와 그 맥을 함께 해 온 홍대 거리의 라이브클럽이다. 공연 위주의 전문 클럽으로 2003년 2월 프로 뮤지션들이 뜻을 모아 만든 인디씬의 성지이다. 프로 뮤지션들이 주축이 된 만큼 무대 음향 조명 시설 모두 수준급이다. 인디밴드의 기획 공연은 물론 프로에서 아마추어 대관 공연에 이르기까지 폭넓고 다양한 공연이 펼쳐지는 것이 특징이다. 좌석과 스탠딩 모두 합쳐 150여 명이 동시 수용되며 하루에 3~4팀의 인디밴드 공연을 감상할 수 있다. 한국 인디 음악의 현주소와 홍대 클럽 문화의 일면을 체험할 수 있는 곳으로 스트리밍 공연이 가능하도록 새로 단장하였다. 전문가 및 전문 장비를 보유하여 감각적이고 세련된 연출을 통한 새로운 경험을 제공한다. 음악 콘텐츠 제작은 물론 온라인 강의 라이브 커머스 방송까지 가능한 다목적 공간으로 활용이 가능하다.,공연 별로 상이함,공연 별로 상이함,소장품현황:디지털 콘솔 / 음향장비 / 조명 등 공연장비 사업내용:기획공연 / 대관공연 등,"['공연', '인디', '라이브', '클럽', '프로']",문화시설,서울
김현주 갤러리,서울 종로 삼청로7길 19 9 (팔판동),37.5835523128,126.9809925343,김현주 갤러리는 현대 예술품 컬렉션을 선보이는 갤러리이다. 2005년에 개관하여 종로구 삼청동에 있는 현대적 건축 양식의 화랑 건물에 위치하고 지하 1층부터 3층까지 총 4개(40㎡)의 기본 전시실을 구비하고있다. 현대적이고 심플한 실내 인테리어와 조명은 작품을 더욱 돋보이게 만들어 주며 조용한 분위기에서 감상할 수 있다. 전시장의 현대 예술품들은 틀에 박히지 않은 다양한 작품으로 구성되었고 개인전과 단체전이 있다. 전시되는 작품과 작가 정보 전시 일정은 매년 전시회에 따라 다르므로 정보를 알고 싶다면 홈페이지를 참고하여 방문하면 된다.,11:00-18:00,매주 월요일,사업내용:기획 전시 전문 한국어 안내서비스:가능,"['현대', '작품', '갤러리', '예술품', '전시']",문화시설,서울
넷마블게임박물관,서울 구로 디지털로26길 38 (구로동),37.4798989348,126.8953338198,넷마블게임박물관은 게임의 역사와 문화적 가치를 조명하고 있다. 국내외 게임 소장품을 만나볼 수 있는 전시 공간이며 다양한 게임 자료를 열람할 수 있는 학습 공간이자 게임을 직접 플레이할 수 있는 놀이 공간이다. 초기 콘솔 게임기부터 비디오 게임기 게임 소프트웨어 기타 게임 관련 소장품 등 게임 관련 소장품을 다수 보유하고 있다. 전시장은 게임 역사 게임 세상 게임 문화 등 3가지 테마로 구성되어 있으며 국내외 게임 산업의 발전사 게임의 메커니즘 게임 체험 공간 등 다양한 볼거리와 즐길거리를 제공한다. 특히 게임 문화 테마 공간의 '플레이 컬렉션'에서는 고전 아케이드 콘솔 PC 게임들을 즐길 수 있어 아이들에게는 재미를 제공하고 어른들에게는 추억을 선사한다.,10:00-18:00,매주 월요일 / 매년 1월 1일 / 설·추석 전날 및 당일,체험프로그램:고전 아케이드 게임 / 콘솔 게임 / PC 게임,"['게임', '공간', '문화', '소장품', '역사']",문화시설,서울
농업박물관,서울 중 새문안로 16 (충정로1가),37.5668984613,126.9680664061,농업박물관은 농업인들이 기증한 전통 농경유물을 잘 보존해 후대 교육용으로 활용하기 위해 1987년 설립된 국내 최초의 농업전문박물관으로 선사시대부터 현대에 이르기까지 한국 농업의 발달과정을 한눈에 볼 수 있도록 유물·자료·농기구·운반도구 등을 전시하고 있다. 2005년 기존 박물관을 헐어 새 박물관을 건립해 다양한 전시와 교육체험프로그램을 마련해 획기적 변혁을 도모했고 2017년 개관 30주년을 계기로 더 알차고 다양한 전시·교육체험 행사로 농업의 소중함과 정직함을 배우는 기회를 제공해오고 있다.,09:30-18:00,매주 월요일 / 1월 1일 / 설·추석연휴 / 근로자의날 / 법정공휴일,nan,"['교육', '농업', '박물관', '전시', '유물']",문화시설,서울
대림미술관,서울 종로 자하문로4길 21 (통의동),37.577502879,126.9733378475,대림미술관은 대림그룹이 설립한 미술관으로 사진적 시각으로 현대미술을 분석하고 연구하는 미술관이다. 1997년 한국 최초의 사진 전문 미술관인 한림미술관을 운영하다가 2002년 5월 서울로 이전해서 현재의 대림미술관으로 재개관하였다. 미술관 건물은 유서 깊은 경복궁과 접해 있는 통의동 주택가에 있으며 예전에는 한 가족의 보금자리였던 것을 프랑스의 건축가 뱅상 코르뉴씨가 디자인과 설계를 한국의 대림산업이 시공을 맡아 2002년 5월 말 개관한 것이다. 1층은 정원과 주차장을 포함해 리셉션 수장고 회의실 등이 있고 2층과 3층은 각각 작고 넓은 방들과 긴 갤러리 그리고 천정이 높은 방 등으로 이루어진 180평의 전시실과 사무실이 있다. 4층은 120명 수용 규모의 세미나실과 아름다운 전망의 발코니가 있다. 세미나실 전면의 발코니는 인왕산과 북악산은 물론 멀리 북한산까지 보이는 탁 트인 전망을 안고 있고 한국 전통 보자기를 본뜬 스테인드글라스 파사드가 눈길을 끌며 정원을 향해 둘러있는 2층과 3층의 베란다는 관람객들을 위한 아름다운 휴식 공간이 마련되어 있다. 무엇보다도 온도와 습도 그리고 빛에 예민한 사진 작품을 위한 설계가 고려된 전문미술관이다. 2010년 이후에는 현대 사진과 일상 속 예술로 자리매김한 디자인을 포함 다양한 예술 장르를 넘나드는 감각적인 전시를 소개하고 있다. 미술관 컬렉션 역시 기획전과 같은 컨셉으로 나아가고 있으며 창의력과 집념을 가지고 연구하고 노력하는 예술인들을 발굴하고 그들의 창작 의욕을 북돋아 새로운 문화 예술에 중요한 역할을 할 수 있도록 그들을 돕고 격려하는 역할을 하고 있다.,10:00-19:00,전시 준비 중인 경우,체험프로그램:전시 연계 체험 프로그램 사업내용:1) 예술성과 대중성의 균형있는 추구 2) 국내외 사진 예술의 국내 소개 3) 지역의 예술 활동 직작 / 재즈 콘서트 4) 경복궁 연계 프로그램 외국어 안내서비스: 사전 예약시 영어 안내 가능 (단체예약 및 도슨트 스케줄 문의전화 : 02 720 0667) 예약안내:단체관람시 전화 02 720 0667 대관안내:대관 문의 02 720 0667 한국어 안내서비스: 정규 도슨트 투어 휴관일 제외 한 평일 토요일 11시 1시 2시 3시 4시 5시 (총 6회) 일요일 1시 2시 3시 4시 5시 (총 5회) 스페셜 단체 투어 패밀리 투어 : 사전예약,"['미술관', '사진', '한국', '예술', '대림']",문화시설,서울
대한민국역사박물관,서울 종로 세종대로 198 (세종로),37.5741339024,126.977573668,대한민국역사박물관은 19세기말 개항기부터 오늘날까지의 대한민국의 행보를 기록한 박물관으로 2012년 12월 26일에 개관한 최초의 국립 근현대사 박물관이다. 박물관은 고난과 역경을 딛고 발전한 대한민국의 역사를 전시 교육 조사∙연구 자료의 수집을 통해 국민과 공유하고자 설립되었다. 박물관은 대한민국의 역사를 시대별로 4개의 전시실로 나누어 설명하고 있다. 제1전시실에서는 ‘대한민국의 태동’ 제2전시실에서는 ‘대한민국의 기초 확립’ 제3전시실에서는 ‘대한민국의 성장과 발전’ 그리고 제4전시실에서는 ‘대한민국의 선진화 세계로의 도약’을 주제로 전시가 구성되어 있다. 어린이 박물관에서는 어린이가 직접 체험하면서 근현대사를 배울 수 있다. 또한 근현대사 전반에 걸친 다양한 주제의 특별 전시를 통해 대한민국 근현대사에 대한 심층적인 내용을 살펴볼 수 있다. 박물관에서 다양한 교육 프로그램과 문화행사도 운영하고 있다.,10:00-18:00,1월 1일 / 설·추석 당일,체험프로그램:어린이·가족 청소년 성인 등을 대상으로 한국 근·현대사를 쉽게 이해하고 올바른 근·현대사 역사관을 정립할 수 있도록 다양하고 심도 있는 교육 프로그램을 운영 외국인 체험가능 프로그램:[외국인 교육 프로그램] 내용 : 대한민국근현대사 자료 체험 및 전시설명 대상 : 외국인 및 다문화가족 단체 20명 내외 신청 및 문의 : 02 3703 9246 소장품현황:10만 6천여 점 (2015년 말 기준),"['대한민국', '박물관', '전시실', '근현대사', '전시']",문화시설,서울
더서울라이티움,"서울 성동 서울숲2길 32 14 (성수동1가, 갤러리아 포레)",37.5455245178,127.0432601616,더서울라이티움은 세계적인 빛의 건축 디자이너 장 누벨(Jean Nouvel)이 공간 디자인에 직접 참여한 서울시의 랜드마크로 갤러리아 포레에 소재해 서울숲과 연계된 교통의 요지에 자리 잡고 있다. 1관은 미디어아트 상설전시 2관과 5관은 복합전시 및 문화행사 3관은 소상공예술인 전시 Atrium은 문화 예술 전시를 하고 있다. 시즌별로 다양한 전시가 기획되고 있으며 박람회 세미나 상품론칭쇼 등 시설 대관도 가능하다.,10:00-19:00,매주 월요일 / 설·추석 연휴 / 전시 준비기간,nan,"['전시', '문화', '더서울라이', '세계', '건축']",문화시설,서울
동국대학교 박물관,서울 중 필동로1길 30 (필동3가),37.5582444874,127.0001581712,동국대학교 박물관은 동국학원의 설립목적에 따라 불교관계의 고고 및 미술자료를 수집·보관·전시하며 불교미술을 조사·발굴·연구하고 이를 학계에 알림과 동시에 학생들의 교육에 활용하고자 설립되었다. 따라서 불교종합박물관이라는 뚜렷한 특징을 견지하고 있으며 그에 합당한 활동을 지속하고 있다. 또한 불교와 관련된 조각·회화·공예·건축·금석문 등 각 분야에서 손꼽히는 중요한 작품들이 소장되어 있다. 이곳은 상설전시뿐만 아니라 국내외의 학술조사사업 특별전 기획전 등을 매년 실행하고 있다.,10:00-16:00,매주 토요일~일요일,nan,"['불교', '박물관', '설립', '미술', '전시']",문화시설,서울
동대문문화원,서울 동대문 왕산로 128 (용두동),37.5778651046,127.0376930838,동대문문화원은 역사와 전통을 바탕으로 동대문구의 지역문화 창달을 위하여 1998년 12월에 개원하였다. 지역유지들이 뜻을 모아 민간기금으로 발족했다. 매년 가을 청룡문화제와 한가위 구민 한마음 민속 큰잔치 등 지역 전통문화 행사를 주관하고 동아리 상설공연 역사 문화탐방 문예 공모전 등 다양한 장르의 문화행사를 개최하여 지역주민의 문화 향수를 위하여 노력하고 있다. 여러 문화강좌를 통해 교육에도 앞장서고 있으며 동대문구 시민기록자 양성 문예공모전 개최 등 다양한 프로그램을 열고 있다.,09:00-18:00,주말 / 공휴일,사업내용:선농제향 청룡문화제 장령당제/부군당제 「향토문화」誌 발간 찾아가는 문화 활동「우리동네 최고야」 찾아가는 문화 활동 「TV 문화강좌」 문화학교 운영 예약안내:,"['문화', '지역', '역사', '전통', '동대문구']",문화시설,서울
동덕여자대학교 박물관,서울 성북 화랑로13길 60 (하월곡동),37.6058952457,127.0413558418,동덕여자대학교 박물관은 2020년 동덕여자대학교 창학 110주년을 맞이하여 기존 여성학센터를 리모델링하고 춘강기념관·여성학박물관·현대미술관으로 재개관했다. 여성 의복과 장신구 기타 생활 자료 및 도자 서화 탁본 등의 다양한 유물을 소장하고 있으며 이를 전문적으로 보존·관리하는 보존과학실과 수장고 시설을 갖추고 있다. 종합박물관으로서의 면모를 갖추고 있는 동덕여자대학교 박물관은 2020년 6월 23일 제1종 전문박물관으로 등록되었다. 동덕여자대학교 박물관은 새로운 전통문화 창조의 바탕을 마련할 목적으로 1977년 5월 27일 설립되었다. 우리나라 최초의 여성학센터로 개관하여 1998년 3월 전시실을 확장한 이후 규방을 중심으로 한 여성사 관련 유물을 집중적으로 수집·보존·연구하는 특화 박물관으로 발돋움하였다. 박물관은 전시와 더불어 소장품관리시스템을 통해 유물을 체계적으로 정리·보존하여 소중한 우리의 문화유산을 보호하고 있다. 또한 일반인 본교 학생 지역 주민을 대상으로 한 문화·예술 교육 프로그램을 진행하여 박물관의 기능 확대를 도모하고 있다.,10:00-17:00,매주 월요일 / 매주 토요일~일요일 / 법정공휴일,체험프로그램:유물 수집·보존·관리/ 기획전시 /사회교육 / 학교사 자료 수집·전시 등,"['박물관', '동덕여자대학교', '보존', '여성학', '유물']",문화시설,서울
동산방화랑,서울 종로 인사동9길 35 (견지동),37.5729202581,126.9833592862,동산방화랑은 전통 회화에서 현대미술로 이어지는 전시를 하는 갤러리이다. 개관 이후 한국 고유의 미감을 간직한 전통 회화와 근대미술과 시대적 가치를 반영하는 현대미술로 이어지는 전시를 통해 한국 화랑의 중추적 역할을 해왔다. 그리고 근현대 미술의 주요 작가의 작품 소개와 역량 있고 새로운 젊은 작가의 작업을 알리기 위한 기획을 하고 있고 중국 미술을 포함한 아시아 미술도 소개하고 있다. 한국화 위주의 전시 및 상설전을 주로 개최하며 서양화 및 동양화 조각 판화와 한국 중국의 목판화 상설전을 개최하기도 한다. 또 새롭고 창의적인 작품 세계를 가진 역량 있는 작가를 소개하는 전시와 차세대 유망 신진작가의 발굴을 위해 젊은 작가 전시도 기획하고 있다. 한국 화랑 분야의 1세대 화랑으로 대가 중진 중견작가들과도 돈독한 관계를 유지하고 있는 화랑이다.,09:00-18:00,매주 일요일 / 공휴일,사업내용:상설전시 및 기획 초대전시 동양화 표구 외국어 안내서비스:영어 일본어 안내 가능,"['작가', '미술', '전시', '한국', '화랑']",문화시설,서울
동작문화원,서울 동작 장승배기로10길 42 (상도동),37.5044968957,126.941103959,1998년 설립한 동작문화원은 지난 시간 동안 지역사회와 가장 가까운 데에서 지역문화 의식 고취를 위해 노력해 왔다. 시민강좌 기획공연 학술세미나 등 다양한 문화사업을 기획하고 동작구의 문화적 환경조성과 더불어 삶을 향상시키고자 주민 누구에게나 열려있는 문화예술활동을 지원하고 있다. 문화강좌는 국악 댄스스포츠 필라테스 라인댄스 방송댄스 미술&서예 생활문화 어학 음악&악기 등 다양한 강좌가 준비되어 있다.,강좌 별로 상이함,매주 토요일~일요일 / 법정공휴일,사업내용:1) 향토문화개발 향토사료조사 향토사연구조성 문화재정화 보존활동 등 2) 지역문화행사 사육신추모문화제 문화영화 상영 사진공모전 주부백일장 국악경연대회 미술공모전 등 각종 문화행사 3) 문화·예술활동 예술인단체 활동 지원 예술분야별 발표회 지원 해외문화예술 교류 등 4) 시민문화강좌 명사초청 교양강좌 청소년 지도강좌 건강특강 등 5) 문화현장 교육 관내문화재탐방 지방고유 문화재 참관 민족문화유산탐방 등 6) 문화홍보 동작문학지 발간 문화유적 편람 자료수집 문헌자료실 운영 등 7) 문화학교 한국전통문화 한국무용 국악 민요 서예 생활영어 건전가요 등 컴퓨터 교육 8) 독서실 동작문화원 독서실 운영 체험프로그램:국악 / 댄스&건강 / 미술&서예 / 생활문화 / 어학 / 음악&악기 / 피아노 / 한국무용 등,"['문화', '강좌', '지역', '기획', '다양']",문화시설,서울
두산갤러리,서울 종로 종로33길 15 (연지동),37.5718651424,127.0010160404,2007년 서울에 개관한 두산아트센터 두산갤러리는 누구에게나 열려 있는 공간으로 관객들이 쉽고 재미있게 감상할 수 있는 편안한 공간을 지향한다. 전문가나 미술 애호가의 눈높이에 맞춘 전시가 아니라 누구나 편안하게 즐길 수 있는 갤러리이다. 갤러리 공간에만 국한된 것이 아니라 두산아트센터 내의 통로 계단 건물 로비 정문 등 전체가 갤러리로 활용되어 여러 가지 전시를 다양한 각도로 구성할 수 있다. 또한 무대와 조명 음향 등의 설치가 가능하도록 설계되어 설치 미술이나 행위예술 퍼포먼스 등의 공연도 가능하다.,11:00-19:00,매주 일요일~월요일,nan,"['갤러리', '공간', '두산아트센터', '편안', '미술']",문화시설,서울
둘리뮤지엄,서울 도봉 시루봉로1길 6 (쌍문동),37.6521812863,127.0278390897,대한민국 최초 단일 캐릭터 박물관으로써 '아기공룡 둘리'의 다양한 에피소드를 오감으로 즐길 수 있는 복합 문화 공간이다. 1983년부터 1993년까지 10년간 월간 만화책 '보물섬'에 연재되어 대중에게 큰 관심을 받았던 '아기공룡 둘리'의 이야기를 기반으로 빙하 타고 쌍문동에 정착하게 된 둘리를 재조명하기 위해 도봉구 쌍문동에 둘리뮤지엄이 건립되었다. 둘리뮤지엄은 출판만화 애니메이션 캐릭터 상품 등 다양한 매체로 선보였던 ‘아기공룡 둘리’의 의미와 가치를 조명하고 둘리 친구들과 함께 만화 속 주인공이 되어 상상의 세계를 경험해 보는 체험형 캐릭터 박물관이다.,10:00-18:00,"매주 월요일 (단, 월요일이 공휴일인 경우 정상 개관 및 다음날 휴관) / 1월 1일 / 설·추석 연휴",체험프로그램:둘리와 친구들 컬러링 체험 예약안내:,"['둘리', '캐릭터', '아기', '공룡', '박물관']",문화시설,서울
롤링홀,서울 마포 어울마당로 35 (서교동),37.548549736,126.9201324048,10년간 홍대라이브클럽 운영을 통하여 얻은 노하우를 바탕으로 다변화된 현문화시장에서 선진 공연문화를 정착해 나가며 대중과 예술인 사이의 거리를 좁히기 위해서 롤링홀을 설립하였다. 롤링홀은 국내외 유명 뮤지션부터 언더그라운드 뮤지션 인디밴드에 이르기까지 팝 음악에서부터 힙합 재즈 발라드 락까지 다양한 공연을 펼칠 수 있는 열린 공간이다. 무대와 객석이 하나가 되어 함께 즐길 수 있으며 뮤지션과 관객이 허물없이 함께 호흡할 수 있는 자유로운 공간이다. 홍대 라이브클럽의 자유로운 분위기를 한층 업그레이드된 시설 안에서 즐길 수 있으며 대규모 라이브 공연장에서 느낄 수 없는 친근하고 편안한 분위기의 공연을 즐길 수 있다. 최신 설비를 통하여 쾌적한 라이브환경을 조성하였으며 뛰어난 음향 시스템과 화려한 조명 시스템을 도입하여 양질의 공연을 펼치고 관람할 수 있도록 하였다. 사운드 조명 무대시설은 다양한 복합 문화공간으로 활용할 수 있도록 기획 시공되었다.,12:00-22:00,연중무휴 공연 별로 상이함,nan,"['라이브', '공연', '문화', '뮤지션', '공간']",문화시설,서울
롯데월드 가든스테이지,서울 송파 올림픽로 240 (잠실동),37.5123821225,127.0976311526,롯데월드 가든스테이지는 롯데월드 내에 있는 공연장이다. 롯데월드의 중심에 자리 잡고 있으며 다양한 문화 행사와 공연이 진행된다. 음악회 댄스 공연 마술쇼 등 다양한 프로그램이 진행되며 계절마다 특별한 이벤트가 마련된다. 다채로운 공연은 관람객들에게 즐거운 경험을 선사한다. 롯데월드를 찾는 이들에게 특별한 경험을 선사하며 방문객들에게 잊지 못할 추억을 만들어준다.,공연 별로 상이함 홈페이지 참조,연중무휴,사업내용:각종 공연 및 콘서트,"['롯데월드', '공연', '다양', '진행', '특별']",문화시설,서울
명보아트홀,서울 중 마른내로 47 (초동),37.5647463847,126.9932030652,서울의 중심 을지로3가에 위치한 명보아트홀은 반세기의 전통과 명성을 가진 (구)명보극장을 리모델링하여 2008년 재개관하였으며 현재는 전문공연장으로 이루어진 복합문화공간이다. 1957년 현대 문화의 대표적인 발상지로서 개관한 (구)명보극장으로 시작하여 글로벌 복합문화공간 도약의 비전을 목표로 세계적인 문화 콘텐츠 개발과 보급에 힘쓰고 있는 명보아트홀은 국내 대표 공연관광의 랜드마크가 되고자 기업과 문화의 융합을 바탕으로 상생의 새로운 사업모델을 구축하기 위하여 꾸준히 정진하고 있다.,10:30-18:00,연중무휴,대관안내: 대관 대상 : 뮤지컬 오페라 연극 콘서트 무용 등 공연을 목적으로 하는 공연예술단체 대관 시설 : 명보아트홀 가온홀(354석) B3 하람홀(226석) 6F 명보아트홀 홈페이지에서 대관신청서와 공연계획서 양식 다운로드 대관문의 및 접수 접수방법 : 우편 또는 직접 방문 접수 또는 이메일 접수 대관문의 : 02 2274–2121 명보아트홀 공연사업부,"['문화', '명보', '아트홀', '극장', '개관']",문화시설,서울
모차르트 콘서트홀,서울 서초 명달로 104 (서초동),37.4864779022,127.0045514676,모차르트홀은 201석 규모로 피아노연주 및 소규모 챔버뮤직에 최적으로 설계되었다. 콘서트홀과 로비의 조화로운 통합이 이루어지도록 타원형으로 디자인되었다. 또한 홀 내부는 음향설계를 중심으로 나무와 돌의 이중적 톤으로 구성되었으며 공연장 전용의자를 95cm 공간으로 설치함으로써 음향적인 측면은 물론 안락함까지 고려하였다. 무대는 공연행태에 따라 구성의 변환이 가능하며 이를 고려하여 객석의자는 고정석 125석 이동석 76석으로 설치되어 있다. 특수 설계된 방진패드를 적용하여 공연장을 건물 바닥으로부터 띄우고 벽과 천장으로부터 분리시킴으로써 건물진동이 완벽하게 차단했다. 이와 더불어 냉난방환기덕트에 소음기(silencer)와 국내최초의 ANC(Active Noise Control System)를 적용함으로써 국제기준 공연장의 실내소음도(NoiseCriteria) NC20 이하보다도 월등한 NC5의 국내에서 찾아볼 수 없는 조용한 공연장 환경을 자랑한다.,공연 별로 상이함,공연 별로 상이함,사업내용:클래식 음악 사업,"['공연장', '설계', '규모', '음향', '구성']",문화시설,서울
목인박물관 목석원,서울 종로 창의문로5길 46 1 (부암동),37.5890707988,126.9633051014,2006년 종로구 인사동에서 개관한 목인박물관은 2019년 부암동으로 이전하여 목인박물관 목석원으로 재개관하였다. 목인이란 전통 인물 및 각종 동물의 모습을 조각한 목 조각상을 말한다. 목인박물관 목석원에는 조선시대를 중심으로 근·현대에 이르기까지 상여장식용 조각 및 신당 사찰을 포함한 각종 민속 목조각상들이 약 12 000여 점이 있으며 이러한 자료들은 당시의 시대 및 생활상을 고증하고 연구하는데 중요한 기초 자료로 활용될 수 있다. 7개의 실내전시장에서는 세계 각국의 목인(木人)이 전시되어 있으며 약 3 000여 평 규모의 야외전시장에서는 한국의 문인석(文人石) 무인석(武人石) 동자석(童子石)과 일본 중국 등 아시아의 다채로운 석인(石人)들도 만나볼 수 있다.,10:30-19:00,매주 월요일 / 설·추석 연휴,소장품현황:8 000여점 소장(300여점 전시),"['개관', '박물관', '목석', '각종', '조각']",문화시설,서울
백해영갤러리,서울 용산 이태원로27길 77 (이태원동),37.5365108065,126.994859269,백해영갤러리는 이태원로에 위치한 미술관으로 1977년에 개관하였다. 백해영갤러리는 다양한 국내외 문화계 인사들과 교류하며 세계 속의 한국 미술문화 발전과 국제화에 기여해왔다. 다문화 발상지인 이태원에서 리움미술관 페이스 갤러리 리만머핀 갤러리와 함께 백해영갤러리는 한국 미술시장의 글로벌 경쟁력 강화와 작가 육성에 힘써왔다. 백남준을 비롯해 존배 이정진 조용익 등 저명한 국내 작가들을 글로벌 아트 페어에 소개하는 역할 뿐만 아니라 James Turrell Kenneth Noland Charles Sandison Dan Walsh John Pai와 같은 해외 거장들의 작품들을 국내에 선보이는 데 중요한 역할을 하였다. 이외에도 Art Miami를 비롯한 해외 아트 페어를 통해서 Art Agency로서 문화 전반에 관한 아트 컨설팅 COLLECTOR를 위한 교육 프로그램을 진행하고 있다.,09:00-19:00,일요일,사업내용:기업의 컬렉션 운영 하우스 프로젝트 (House Project) 문화교육프로그램 문화전반에 관한 컨설팅 사업 예약안내:,"['갤러리', '문화', '아트', '이태원', '미술관']",문화시설,서울
별마당도서관,서울 강남 영동대로 513,37.5118092746,127.0591318945,별마당 도서관은 코엑스몰 중심에 총 2 800㎡ (약 850평) 복층으로 구성되어 있다. 13m 높이 서가의 은은한 불빛이 공간 전체를 부드럽게 감싸는 편안한 서재를 콘셉트로 다양한 테이블과 노트북 작업이 가능하도록 콘센트가 마련되어 있다. 특히 1층은 지하 1층의 선큰(Sunken) 공간을 조망하면서 여유롭게 독서 가능한 독립적인 공간으로 구성되어 있다. 별마당 도서관은 총 7만 여권의 장서를 갖추고 있다. 인문 경제 취미 실용 등 분야별로 다양한 도서가 구비되어 있고 외국 원서 코너 유명인의 서재 코너 아이패드로 볼 수 있는 E Book 등이 있다. 또한 해외 잡지까지 총 6백 여종의 잡지를 모아놓은 잡지 특화 코너는 일반 도서관과 차별화된 별마당 도서관의 장점이다. 이뿐만 아니라 저자들과 직접 만나는 작가 토크쇼와 시 낭송회 이 시대의 지성과 명사를 초청하는 강연회 및 음악이 함께 하는 북콘서트 등 책을 주제로 한 다채로운 문화 행사도 열린다.,10:30-22:00,연중무휴,nan,"['도서관', '마당', '공간', '코너', '잡지']",문화시설,서울
북촌박물관,서울 종로 북촌로 39 (가회동),37.5804388557,126.984867269,북촌박물관은 우리의 문화자산을 인문학적 접근을 통해 과거와 소통하고 바람직한 미래를 열어 가는데 이바지하고자 시작되었다. 북촌박물관은 역사의 흐름 속에서 알게 모르게 우리의 생활 속에 이어져 온 유·무형의 문화자산을 전시하고 옛것이 지닌 미의식의 가치를 오늘의 생활에 연결시키고자 한다. 이를 위해 북촌박물관은 고미술품은 물론 전통의 가치가 새롭게 해석되고 재현된 현대미술 및 공예품의 전시를 통해 그 속에 깃든 ‘총체적인 삶의 아우라로서의 우리 문화’를 재조명한다. 또한 우리 문화의 전통적 가치를 공유하는 많은 이들이 풍속도의 한 장면처럼 모이고 그 모임을 의미 있는 형태로 기록하여 널리 알리는 통로 역할을 수행하며 전통의 바탕 위에서 오늘을 살고 있는 우리 삶의 가치를 되돌아보고 체험하는 온고지신(溫故知新)의 장을 마련하고 한다.,10:00-18:00,매주 일요일~월요일 / 설·추석 연휴,체험프로그램:목가구의 비밀을 찾아라! 소장품현황:조선시대 목가구 100여점 한국어 안내서비스:전시해설 상시 문의 02 766 8402 예약안내:전화예약 가능 관람일로부터 일주일 이전에 신청,"['문화', '가치', '북촌', '박물관', '전통']",문화시설,서울
북촌한옥역사관,서울 종로 계동4길 3,37.5823581167,126.9870781245,북촌한옥역사관은 종로구 계동 4길 3에 있으며 한옥을 개조한 공간에서 북촌 역사를 살펴 볼 수 있다. 1920~1930년대 '조선집'이라 불린 소형 한옥과 이를 공급하면서 당시 '건축왕'이라 불렸던 기농 정세권 선생을 조명한다.,10:00-18:00,매주 월요일,nan,"['한옥', '북촌', '불리', '역사관', '종로구']",문화시설,서울
샤롯데씨어터,서울 송파 올림픽로 240 (잠실동),37.5123821225,127.0976311526,샤롯데씨어터는 국내 최초의 뮤지컬 전용 극장이다. 총 1 260석 규모로 롯데그룹이 한국의 뮤지컬 업계 발전을 도모하기 위해 2004년 착공 2006년 10월 28일 개관하였다. 세계 어느 극장과 비교해도 손색없는 샤롯데씨어터는 우아하고 고급스러운 중세 유럽 분위기의 품격 있는 내관과 외관을 자랑하고 있으며 뮤지컬 전용 극장으로서 갖춰야 할 모든 요소를 최첨단 시스템을 갖추고 있다. 오페라 공연의 경우 더 크고 생생하게 배우들의 표정과 생동감 있게 무대를 가까이서 즐길 수 있게 하기 위해서 오페라글라스도 대여해 준다.,공연 별로 상이함,매주 월요일,대관안내:제출서류 : 신청서 공연 소개서 공연 관련 이미지 영상 등의 각종 첨부 자료 (대관 신청서 작성 시 첨부) 제출방법 : 대관 신청서 작성 후 온라인 접수 대관문의 02 3470 3581,"['뮤지컬', '극장', '샤롯데씨어터', '전용', '위하']",문화시설,서울
서강대학교 박물관,서울 마포 백범로 35 (신수동),37.5516830237,126.9379473591,서강대학교 박물관은 한국 민족문화에 대한 이해와 학문적 연구에 도움을 주는데 그 목적을 두고 1974년 2월 2일 개관하였다. 서강대학교 박물관에 소장된 유물은 크게 민속품과 미술품으로 구분된다. 발굴된 유물이나 야외조사를 통한 유물은 거의 없는 실정이다. 이는 서강대학교 내에 고고학 전공의 교수나 연구원이 없기 때문이다. 때문에 소장품으로 먼저 내세울 수 있는 것은 서화작품들일 수밖에 없다. 그 가운데서도 고 손세기 선생이 기증한 200여 점의 서예작품과 최근 구입한 근·현대 서화작품이 서강대학교 박물관의 소장 유물을 대표하고 있다. 이 작품들은 매우 귀중한 것으로 평가되고 있다. 현재 소장품은 약 1 600여 점이며 개강 중 수시로 교체하여 전시하고 있으며 특별 전시회도 열고 있다.,10:00-15:00,매주 토요일~일요일 / 법정공휴일,nan,"['서강대학교', '유물', '작품', '박물관', '소장']",문화시설,서울
서소문성지역사박물관,서울 중 칠패로 5 (의주로2가),37.5596854342,126.9693637143,서소문성지역사박물관은 순교한 천주교인들을 기리는 곳으로 2019년 6월 개관하였다. 천주교 박해와 관련한 전시와 예술 작품을 만나 볼 수 있고 매주 목요일에 서소문 역사탐방 해설을 진행하고 있어 서소문 성지와 천주교의 역사에 관한 상세한 설명을 들을 수 있다. 서소문성지역사박물관은 서소문 역사공원 내 위치하고 있으며 지하 2층에 상설전시관이 마련되어 있다. 계단을 따라 지하 3층으로 내려가면 하늘광장을 만나게 된다. 하늘광장은 경건함을 가득 담은 공간으로 절제된 사각형의 공간으로 이루어져 있다. 하늘 빛 직선만이 존재하는 이 공간은 천주교 박해의 먹먹함과 슬픔이 그대로 담겨있다. 또한 이곳은 건축 디자인으로도 유명하여 많은 사람의 발걸음을 이끄는 곳으로 2019년 서울시 건축상 최우수상을 받았다.,09:30-17:30,매주 월요일 / 1월 1일 / 설·추석 당일,소장품현황:경국대전 외 87건 예약안내:,"['서소문', '천주교', '성지', '역사', '하늘']",문화시설,서울
서울 중구문화원,서울 중 청계천로 86 (장교동),37.5675737144,126.9865424811,중구문화원은 1995년에 개원하여 서울시 중구 지역 주민들에게 문화행사를 제공하는 곳이다. 중구의 향토사에 관한 조사 연구 문화 자료 수집과 보존 등을 통해 지역 전통문화를 계승 발전시키는 한편 충무공 탄생 기념 문화제 역사 문화재 탐방 교실 청계천 문화예술마당 등을 매년 개최하며 새로운 지역 문화 확립에 많은 노력을 하고 있다. 지역 주민들의 편의를 위해 찾아가는 전통문화 예절 교육을 시행하고 사생대회나 국악 및 무용 경연대회를 실시하여 지역 청소년들에게 문화 체험과 능력을 펼칠 기회를 제공하며 다양한 문화 교실을 진행하며 다양한 문화 혜택을 누리도록 한다. 대관이 가능한 갤러리가 있어 여러 전시와 행사를 진행할 수 있다. 대관료가 저렴하여 직장인과 대학생의 그룹전과 신인 중견작가들의 전시회가 늘어나고 있다. 연회비가 있는 문화원 연회원도 운영한다. 연회원이 되면 문화원 유적 답사 활동에 참여할 수 있고 문화원에서 발행하는 간행물을 우선 받아보고 각종 행사에도 우선 초대된다.,10:00-17:00,문화원 : 매주 일요일,사업내용:1) 문화재 탐방교실 1997부터 매년 2 800여명씩 답사 2) 향토사연구사업 1995중구향토사 연구위원회 발족이후 제7집발간 3) 문화관련 책자(연보)발간 중구문화 제6호. 중구문예 제10호발간 4) 문화행사 중구미술인협회 회원전(2002.3.12∼3.17) 제4회 구민의날 기념 열린음악회 (2002.9.30 국립극장) 제7회 중구사진 공모전시회(도록)(2002.11.13∼11.19) 중구의 어제와 오늘사진 50점 순회전시(2002.10) 5) 문화학교강좌 중국어·한국무용·스포츠댄스·새도우박스등 10개강좌 6) 예문갤러리 대관 (상설전시관) 문화원1층 7) 중구향토사연구 자료집 제1집 중구향토사 관계자료집(1996년 발행) 제2집 중구사화 제3집 남산의 역사와 문화 제4집 서울중구 도심속으로의 역사기행 제5집 중구의시장 어제와오늘 제6집 중구의 구전설화 제7집 명동의 변천사(2002년 발행) 체험프로그램:경기민요 / 가락장구 / 문예창작 / 어반스케치 등 대관안내:1층 전시실(갤러리) 대관 가능 문의 02 775 3001,"['문화', '지역', '문화원', '중구', '행사']",문화시설,서울
서울공예박물관,서울 종로 율곡로3길 4 (안국동),37.5767003779,126.9835480508,2021년 7월 종로구 안국동에 문을 연 서울공예박물관은 서울시에서 (구) 풍문여고 건물 5개 동을 리모델링하여 건축한 한국 최초의 공립 공예박물관이다. 서울공예박물관은 공예품뿐만 아니라 공예를 둘러싼 지식 기록 사람 환경 등을 연구하고 공유함으로써 공예가 지닌 기술적·실용적·예술적·문화적 가치를 경험할 수 있는 역동적인 플랫폼이 되는 것을 목표로 하고 있다. 서울공예박물관은 전통부터 현대까지 다양한 시대와 분야를 아우르는 2만여 점의 공예품과 공예자료를 수집 보유하고 있으며 공예역사전시 현대공예전시 지역공예전시 어린이공예전시 공예 아카이브 공예 도서관 공예자원관리시스템 공예작품설치 프로젝트 등 다양한 전시와 프로그램 자료와 시스템을 준비 중이다. 서울공예박물관 터는 세종의 아들 영응대군의 집 순종의 가례를 위해 건축된 안국동별궁 등 왕가의 저택으로 사용되거나 왕실 가례와 관련된 장소로서 오랜 역사를 지닌 곳이며 수공예품을 제작하여 관에 납품하던 조선의 장인 '경공장(京工匠)'들이 존재했던 종로구의 중심 지역이기도 하며 주변에 북촌 인사동 경복궁 등이 인접해 있어 다양한 문화적 경험이 가능한 장소이기도 하다.,10:00-18:00,매주 월요일 / 1월1일,nan,"['공예', '박물관', '전시', '서울', '다양']",문화시설,서울
서울교육박물관,서울 종로 북촌로5길 48 (화동),37.5797611278,126.9832368815,서울교육박물관은 우리나라 교육을 선도해 온 서울 교육의 위상을 정립하고 21세기 주역이 될 후손들에게 우리 교육의 밝은 미래를 제시하기 위해 우리나라 교육의 발전 모습을 한눈에 살펴볼 수 있도록 교육제도 교육과정 교육 내용 교육기관 교육활동 등에 관한 유물과 사진 등 각종 자료를 시대별로 전시하여 지난 1995년 6월 15일에 개관하여 운영하는 교육 전문 박물관이다. 역사의 갖은 소용돌이 속에서도 의연히 지켜온 서울교육의 맥을 살펴봄으로써 오늘을 이룩한 교육의 위대한 힘을 깨닫고 우리 조상들의 숭고한 교육 정신과 그 숨결도 함께 느낄 수 있는 의미 있는 곳이다.,09:00-18:00,"매달 1, 3번째 수요일/법정공휴일",사업내용:1) 1일 박물관교실 2) 교육사진 순회전시 현대교육의 근간이 되는 교육관련 사진자료들을 통해 우리나라 교육의 시대사적 흐름을 바로 알도록 하여 올바른 교육관을 정립시키며 현대교육을 재조명 하고자 전시회를 마련하였다. 3) 전통 천자문 교실 방학기간을 이용하여 어린이들에게 옛 교육방법(서당)을 체험하게 하는 연 2회 전통천자문 교실을 운영하고 있다. 4) 조선시대 문방가구 만들기 체험 조선시대 문방가구 미니어쳐 만들기 체험 예약안내:단체 방문시 사전예약,"['교육', '서울', '박물관', '나라', '살펴보']",문화시설,서울
서울기록원,서울 은평 통일로62길 7 (녹번동),37.6071987219,126.9340516999,서울기록원은 서울특별시 시정 기록과 서울 시민의 기억과 기록을 수집하여 전문적으로 보존·관리하고 기록정보 서비스를 제공하는 공공아카이브다. 서울의 중요한 기록을 모으고 관리하는 데 전념하여 서울의 과거와 오늘이 미래에 생생하게 전해질 수 있도록 하고 있다. 역사적인 기록물들이 영구히 보존될 수 있는 최적의 환경을 조성하고 훼손된 문서의 복원작업에도 헌신하고 있다. 이러한 과정을 통해 기록이 단순히 남겨지는 것이 아니라 살아 숨 쉬는 역사로서 그 가치를 유지할 수 있도록 한다. 더불어 서울기록원을 방문하는 모든 사람들에게 기록을 통한 새로운 발견과 학습의 기회를 제공하는 다양한 전시와 교육프로그램을 마련하고 있다.,10:00-17:00,매주 월요일 / 1월 1일 / 설·추석 당일,체험프로그램: 일정 별로 진행하는 프로그램이 상이하므로 자세한 사항은 홈페이지 참조 소장품현황:서울의 100여 년 동안을 기록하는 문서(종이 영상 사진 등),"['기록', '서울', '기록원', '보존', '관리']",문화시설,서울
서울남산국악당,서울 중 퇴계로34길 28 (필동2가),37.5597775194,126.9932865315,서울남산국악당은 2007년 전통공연예술의 진흥과 국악의 우수성을 알리기 위해 건립된 국악 전문 공연장이다. 한국의 역사적 전통과 정체성을 담고 있는 전통 한옥의 미감을 살리기 위해 지상 1층의 한옥 건축물을 기반으로 공연장을 지하에 배치한 구조는 주변 자연환경과 어우러져 다른 공연장과는 차별되는 멋을 느낄 수 있다. 특히 지하 1층 공연장 로비와 연결된 선큰가든(sunken garden) ‘침상원’은 경복궁 교태전(交泰殿 왕의 비거주 공간)의 느낌을 살린 계단식 정원으로 꾸며져 지하 공연장이지만 자연 채광과 아름다운 풍경을 선사해 준다.,공연 별로 상이함,공연 별로 상이함,사업내용:국악공연 및 강좌 예약안내:,"['공연장', '국악', '전통', '지하', '위하']",문화시설,서울
서울도시건축전시관,서울 중 세종대로 119,37.5669375007,126.9767183947,서울도시건축전시관은 서울시가 2015년 광복 70주년을 맞아 일제강점기의 잔재였던 옛 국세청 별관 건물을 철거하고 그 자리의 역사적 가치를 회복해 시민들에게 되돌려주는 ‘세종대로 일대 역사 문화 특화 공간 조성 사업’의 일환으로 설립한 전시관이다. 국내 최초로 설립된 도시건축 분야 전문 전시관이다. 지상층에 시민광장을 조성하고 지하 3개 층을 전시관으로 조성했으며 지하층은 지하 보행로를 통해 시민청과 연결된다. 서울도시건축전시관은 서울의 도시발전과정과 미래 비전을 제시하고 시민 모두가 도시건축을 가까이하고 문화적 자산으로 인식할 수 있도록 도시·건축·공간 분야의 플랫폼이다. 또 하나의 시민 소통 공간 문화향유 공간으로 서울이라는 도시의 형성 과정과 배경 역사성과 지역성에 대한 이해를 돕는다.,10:00-18:00,nan,입 장 료:무료 일부 기획전시는 경우에 따라 별도 운영 이용가능시설:갤러리 / 회의실 / 인포메이션,"['도시', '건축', '전시관', '시민', '서울']",문화시설,서울
서울돈화문국악당,서울 종로 율곡로 102 (와룡동),37.5773532075,126.9906584954,창덕궁의 얼굴인 돈화문의 이름을 딴 서울돈화문국악당은 전통문화 지역인 창덕궁 일대의 정체성을 회복하기 위해 창덕궁 맞은편 주유소 부지를 서울시가 매입하여 국악전문 공연장으로 조성하였다. 전통 한옥과 현대 건축 양식이 혼합된 공연장은 자연음향으로 국악을 감상할 수 있는 실내 공연장과 야외공연을 위한 국악마당으로 구성되어 있어 관객들이 연주자와 함께 호흡하며 우리 전통의 멋을 쉽게 경험할 수 있다. 자체 기획‧제작 공연과 민간 공연예술 단체와의 협업을 통해 우리 예술의 멋을 알리는데 기여하고 있다.,09:00-20:00,매주 월요일,예약안내:전화/홈페이지 예약 가능 02 3210 7001~2 http://www.sdtt.or.kr,"['국악', '창덕궁', '공연장', '공연', '돈화문']",문화시설,서울
서울시립대학교 박물관,서울 동대문 서울시립대로 163 (전농동),37.5835175384,127.0550691177,서울시립대학교 박물관은 우리 민족의 소중한 문화유산을 조사 수집 보관 전시하며 이를 통해 학생들의 교육활동을 지워하고 인근주민들에게는 가까운 문화공간으로 기능한다는 목적으로 1984년 9월 4일 개관하였다. 그동안 각종 특색 있는 특별전을 꾸준히 개최하여 왔고 발굴 지표조사활동 초청강연회 등을 통하여 연구 조사 및 교육활동에도 노력을 기울여 왔다. 특히 서울시립대학교 박물관은 대부분의 박물관에서 소외되고 있는 근현대사자료 전문 박물관에서 소외되고 있는 근현대사자료 전문박물관으로 발돋움한다는 새로운 목표를 세우고 유물수집 및 특별전시 등을 통해 정체성을 확립해 나가고자 노력하고 있다.,10:00-17:00,매주 토요일~일요일 / 공휴일,사업내용:문화재의 수집·보존 및 과학적 관리 / 문화유적 발굴·조사·연구 / 각종 전시 / 연구서 간행 / 학내 학생교육용 자료제공 등,"['박물관', '조사', '통하', '활동', '서울시립대학교']",문화시설,서울
서울옥션 강남센터,서울 강남 언주로 864,37.5274847788,127.0339392991,서울옥션은 1998년 설립된 국내 최초의 미술품 경매 회사이다. 한국 고미술과 근현대 미술은 물론 콜렉터블 아트 와인 보석 건축에 이르기까지 다양한 품목을 취급한다. 또한 평창동 본사와 강남 센터는 물론 홍콩 전시장을 갖추고 있어 경매 외에 다양한 문화 이벤트와 아카데미 등을 열고 있다. 서울옥션은 평창동에 이어 2019년 1월 서울 강남구 신사동에 서울옥션 강남센터 문을 열었다. 평창동 서울옥션 사옥과 인천국제공항 등을 설계한 프랑스 건축가 장 미셸 빌모트(Jean Michel Wilmotte)가 디자인과 설계를 맡은 건물로 지상 8층 지하 5층 규모로 경매장 전시장 아카데미홀 등으로 구성되어 있다. 서울옥션 강남센터는 강남을 대표하는 랜드마크로서 대중들이 일상 속에서 미술을 향유하고 미술품 경매를 보다 가깝게 느끼고 경험할 수 있는 복합 문화공간이다.,10:00-19:00,연중무휴,nan,"['서울옥션', '강남', '경매', '평창동', '센터']",문화시설,서울
서울특별시교육청 동대문도서관,서울 동대문 천호대로4길 22 (신설동),37.5738542164,127.0241777625,서울특별시교육청 동대문도서관은 1971년 3월에 개관하여 25만여 자료를 소장하고 있는 서울특별시교육청 소속 공공도서관이다. 지역주민의 지식정보 제공과 자아실현을 위한 다양한 프로그램을 운영하여 자기 계발의 기회를 제공하고 있다. 1996년 전자정보자료실을 개설하여 1997년 7월부터 모든 장서의 대출이 가능하게 되었다. 종합자료1실과 2실 어린이실 시청각실 강의실 자율학습실 등 총 510석의 좌석을 갖추고 있다. 각 실에서 자료를 찾아서 바로 이용할 수 있고 대출과 자료예약도 가능하다. 또한 야간에 도서관을 방문하여 자료를 찾아가는 서비스인 야간예약대출도 시행하고 있다.,09:00-20:00,"매월 둘째, 넷째주 수요일 / 일요일을 제외한 법정공휴일(단, 공휴일과 일요일이 겹칠 경우 휴관) / 임시 휴관일",체험프로그램: 일정 별로 진행하는 프로그램이 상이하므로 자세한 사항은 홈페이지 참조,"['자료', '대출', '서울특별시교육청', '도서관', '정보']",문화시설,서울
서울특별시교육청 동작도서관,서울 동작 장승배기로 94 (노량진동),37.5059328296,126.9405206377,동작도서관은 1991년 5월 6일 따뜻함을 품은 붉은 벽돌 건물로 개관한 동작구 공공도서관으로 33년만의 통합형 시설개선 및 공간 재구조화를 통해 2024년 7월 재개관하였다. 도서 11여만 권 비도서 5천여 점을 보유하고 있으며 각종 연속간행물 AR/VR체험존 미디어월 등 디지털을 통한 공유 개방의 커뮤니케이션 공간을 갖추고 있다. 노량진 인접 지역 특성 기반의 특화 주제(진로·취업·창업)를 바탕으로 다양한 맞춤형 정보 서비스를 제공한 성과로 2023년 서울특별시교육청 특화자료 신규 지원관으로 선정되어 더욱 다양하고 폭넓은 자료 이용 서비스 제공을 위해 노력하고 있다. 디지털라운지 설치 등 지역 내 미래 사회에 대비하는 지식정보 서비스 제공 허브로서 지역 주민들의 정보 문화 욕구 충족을 위한 각종 프로그램을 개설하여 이용자들의 동작도서관과 함께 생활 속에서 성장하고 찾고 싶은 소중한 문화공간으로 이용되고 있다.,09:00-20:00,"매주 2, 4번째 금요일",체험프로그램:독서문화행사 / 미디어체험존(AR/VR) / 전시(나모아래) 등,"['공간', '지역', '정보', '서비스', '제공']",문화시설,서울
서울특별시교육청 융합과학교육원,서울 관악 낙성대로 101 (봉천동),37.4688680271,126.9594255163,서울시 관악구 봉천동에 위치한 서울특별시교육청 융합과학교육원은 과학 전시물을 조작하고 체험하며 과학적인 원리를 이해하고 탐구력 및 창의력을 신장시킬 수 있는 과학 체험 학습장이다. 또한 서울과학교육의 센터로서 학생들에게는 과학탐구 체험활동을 통하여 과학에 대한 관심과 흥미를 높이고 교원들에게는 다양한 연수 및 교수학습에 필요한 자료 제공을 통하여 전문성을 신장시킬 수 있도록 지원하며 일반 시민들에게는 과학체험학습의 장을 제공하여 과학 문화를 확산시키고자 한다.,10:00-17:00,연중무휴,체험프로그램:과학창의력교실 / 천문대 현장체험학습 / 동아리천문교실 / 토요가족천문교실 / 토요과학프로그램 등 자세한 사항은 홈페이지 참조 :,"['과학', '체험', '탐구', '신장', '통하']",문화시설,서울
서울특별시교육청 융합과학교육원 남부분원,서울 구로 구로중앙로27나길 21 (구로동),37.4966190367,126.8853287058,서울특별시교육청 융합과학교육원은 서울과학교육의 센터로서 학생들에게는 과학탐구 체험활동을 통하여 과학에 대한 관심과 흥미를 높이고 교원들에게는 다양한 연수 및 교수학습에 필요한 자료 제공을 통하여 전문성을 신장시킬 수 있도록 지원하며 일반 시민들에게는 과학체험학습의 장을 제공하고 있다. 융합과학교육원은 본원 남산분원 동부분원 남부분원이 있다. 여기서 남부분원은 서울 남부권역 유치원 초등 중등학교 학생을 대상으로 하는 생태체험과 과학탐구교육 수학과 과학 분야 영재교육 학교 수업 지원을 위한 다양한 교사 직무연수를 담당한다. 유아과학놀이교실 자연사전시실 화학실 생명과학실 지구과학실 물리학실 초등·중등발명교실 자연관찰원 등으로 구성되어 있다. 또한 이곳에서는 유아과학놀이교실 과학창의력교실 토요가족생태환경교실 특별프로그램 등 다양한 과학 프로그램을 운영하고 있다.,09:00-17:00,매주 토요일~일요일 / 공휴일,체험프로그램:유아과학놀이교실 / 과학창의력교실 / 남부전환기특별프로그램은 / 토요가족생태환경교실 자세한 사항은 홈페이지 참조,"['과학', '교실', '분원', '교육', '체험']",문화시설,서울
서울특별시교육청 정독도서관,서울 종로 북촌로5길 48,37.5797611278,126.9832368815,정독도서관은 서울 종로구 북촌에 위치한 옛 경기고등학교 자리에 1977년 1월에 개관한 서울시립공공도서관이다. 49만 여권의 장서와 16 300여 점의 비도서 자료를 소장하고 있으며 부설 서울교육사료관에는 12 000여점의 교육 사료를 소장하고 있다. 도서 대출 자료실 및 열람실 이용 외에도 매월 작가초청 강연회와 사진전 그리고 독서회 인형극 음악회 댄스공연 등의 문화프로그램을 운영한다. 봄에는 정독도서관 주변으로 벚꽃이 만개하여 데이트 장소로 떠오르고 있으며 인근 삼청공원에서 삼청동 벚꽃축제가 열린다.,09:00-20:00,"[정기휴관일] 매월 첫째, 셋째 수요일,일요일을 제외한 법정공휴일 (공휴일과 일요일이 겹칠 경우, 휴관) [임시휴관일] 도서관 사정으로 임시로 정하는 휴일",체험프로그램:작가초청 강연회 / 사진전 / 독서회,"['서울', '정독도서관', '도서', '소장', '교육']",문화시설,서울
서울특별시교육청융합과학교육원 남산분원,서울 중 소파로 46 (회현동1가),37.5545501315,126.9811600067,서울특별시교육청융합과학교육원 남산분원은 다양한 과학 프로그램이 운영되는 곳이다. 서울특별시 중구 회현동1가에 있는 곳으로 기초 과학 생활 과학 과학 문화재 등 약 630점의 전시물들이 분야별로 설치되어 있다. 학생들이 직접 조작 및 관찰함으로써 탐구력을 신장하고 창의성을 개발하는데 도움을 주는 유용한 과학 체험학습장이다. 주말에는 초등학생과 학부모가 함께 하는 과학실험 관찰 공작활동으로 과학에 대한 흥미와 호기심을 증진하는 가족과학교실이 운영되고 방학 중에는 창의력 캠프도 운영된다. 위치는 수도권 지하철 4호선 회현역 4번 출구에서 700m에 있다.,10:00-17:00,매주 월요일 / 1월 1일 / 법정 공휴일 / 설·추석 연휴,소장품현황:기초과학 / 생활과학 / 과학문화재 등 131종 630여 점 등,"['과학', '운영', '관찰', '서울특별시교육청', '융합']",문화시설,서울
성곡미술관,서울 종로 경희궁길 42 (신문로2가),37.5735143878,126.9696605179,성곡미술문화재단의 성곡미술관은 쌍용그룹 창업자 故 성곡 김성곤 선생의 기업을 통한 사회봉사의 정신을 미술 문화로 구현하고자 설립된 순수 공익단체로서 1995년에 개관하였다. 서울특별시 종로구에 자리하며 주로 소규모 현장 기념관의 주제전과 현대 미술작가를 지원하기 위해 개인전 국제전 등을 개최한다. 본관 별관과 조각공원이 있으며 부대 시설로는 찻집과 아트샵이 있다. 우리의 전통적인 얼과 정신 우리의 정서와 미감을 현대적으로 해석한 기획전을 집중적으로 개최하며 [성곡미술대] [내일의 작가상]을 통해 신인 미술가를 발굴하고 지원한다. 국내외 예술가를 지원하는 큐레이터 프로그램을 도입하여 현대 미술에 대한 이해를 높이는 것을 목표로 하고 있다.,10:00-18:00,매주 월요일,사업내용:전시사업(본관 기획전 별관 성곡미술대상 내일의 작가상 등) 아카데미 체험프로그램:어린이 체험 프로그램,"['미술', '현대', '지원', '통하', '정신']",문화시설,서울
성북구립미술관,서울 성북 성북로 134 (성북동),37.594890134,126.9949020554,성북구립미술관은 자치구 최초의 공립미술관으로 2009년에 개관한 이래 지역 특성을 반영하여 한국 근현대미술 중심의 전문성과 미술문화 향유기회의 확장과 공공성을 지향하는 미술관으로 운영해오고 있다. 지역의 문화예술 자산을 보존하려는 노력 지역공동체와의 적극적인 소통 지역주민을 위한 긴밀한 교육기관 작가가옥미술관의 설립 등 중요한 역할을 담당하며 지역 안팎의 교두보가 되는 사업을 시행하고 있다.,10:00-18:00,매주 월요일 / 1월 1일 / 설·추석 당일,nan,"['지역', '미술관', '미술', '문화', '성북구']",문화시설,서울
세종호텔 세종갤러리,서울 중 퇴계로 145 (충무로2가),37.5613355768,126.987995303,세종갤러리는 1961년 한국 미술계의 거장 김흥수 화백의 초대전을 시작으로 그동안 폭넓고 깊이 있는 미술감상의 기회를 제공해 왔다. 1992년에는 세종호텔 1층 로비에 재개관하여 진취적이고 역량 있는 작가 분들을 모시며 다양한 전시를 기획 주관하고 있다. 뿐만 아니라 확장된 개념의 전시로써 전시장 이외의 호텔 공공장소 및 각 레스토랑을 갤러리화 하여 좋은 반응을 얻고 있다. 그 결과 컬렉터의 충족은 물론 미술 애호가 및 일본 유럽 미국 등의 외국인 호텔 투숙객들에게도 미술을 마음껏 감상할 수 있는 문화공간으로 확고히 자리매김하게 되었다. 아울러 2003년 세종갤러리는 새로운 고품격 미술문화의 장을 열어나가고자 외부에서도 작품 감상할 수 있는 쇼윈도갤러리를 건립하였으며 2012년 하반기에 대대적인 갤러리 리뉴얼 공사를 통해 새로운 호텔형 복합문화공간으로 탈바꿈하였다. 2013년에는 지하의 공간을 갤러리로 리모델링하여 제2갤러리를 오픈하였다. 현재 세종갤러리는 지상 1층 지하 1층 쇼윈도갤러리로 이루어져 기존의 평면적인 갤러리와는 확연히 다른 공간의 차이를 느낄 수 있으며 각 공간에 걸맞은 다채로운 전시를 선보이고 있다.,11:00-20:00,연중무휴,사업내용:기획전시 / 대관 / 렌탈 및 판매(그림) 대관안내:,"['갤러리', '미술', '공간', '세종', '호텔']",문화시설,서울
손기정기념관,서울 중 손기정로 101 (만리동2가),37.556907925,126.9663390685,손기정 기념관은 나라를 잃은 어려운 시절 세계를 제패해 우리 민족의 긍지를 높여준 손기정 선수(1936년 베를린 올림픽 마라톤 금메달리스트)의 뜻을 기리고 손기정 탄생 100주년 2012년 10월 14일에 개관하였다. 이 건물은 국제적인 스포츠 관광자원으로 개발하고자 1918년 만리동에 건립된 손기정 선수(21회 졸업)의 모교인 양정의숙 건물을 리모델링한 곳이다. 베를린 올림픽 마라톤 우승을 이뤄내기까지의 손기정 선수 일대기 중심의 콘텐츠 연출 및 민족과 국가의 소중함을 일깨워주는 일화 중심의 전시기획과 관람객 참여 요소를 곳곳에 배치하여 전시의 이해와 몰입도를 높인다. 기존의 기념관과는 차별화된 애니메이션 영상과 참여 게임을 통해 성인은 물론 어린이 관람객에게 즐겁고 풍성한 볼거리 및 바른 역사인식의 기회를 제공한다.,10:00-18:00,1월 1일 / 설날·추석 / 매주 월요일 (기타 관장이 정하는 휴일),nan,"['손기정', '선수', '기념관', '민족', '높이']",문화시설,서울
송파문화원,서울 송파 올림픽로 44 (잠실동),37.5096931578,127.0760526362,송파문화원은 송파 문화의 품격과 가치를 높이고 역사적 보존 가치가 있는 유물 등에 대한 연구를 통해 과거와 현재 미래를 이어가는 징검다리의 역할을 수행하는 곳이다. 지역 문화 예술의 수준 향상을 위해 송파구와 공동으로 한성백제문화제 벚꽃축제 낙엽축제 송파문화예술축제 등 다양한 문화행사를 매년 개최함으로써 구민들에게 볼거리와 즐길 거리의 제공은 물론 소통과 화합의 통로를 마련해 오고 있다. 주민들의 문화 욕구 충족을 위한 160여 개의 문화예술 교양강좌와 우리역사바로알기 사업의 일환으로 지역 역사 기행 및 서울 5대 궁궐 투어를 운영하여 오고 있다. 매년 향토 사료집과 송파문화 책자를 발간하여 지역문화의 역사적 가치를 높이는 한편 구민들의 문화 역량 강화를 위해 서화 문인 미술 사진 등 각종 협회와도 유기적인 협조체제를 유지하고 있다.,강좌마다 상이,일요일 / 공휴일,사업내용:1) 지역축제·문화행사 시와 그림의 광장 전시회 송파서예대전 2) 문화예술강좌 송파문화원 문화학교 문화예술교양강좌 운영 저명인사 초청강연 3) 문화교류사업 우리의 고유문화 유적지 탐방 송파문화원과 일본 동경도 동문화 원간의 회화교류전 결연된 지역과의 연계된 사업 4) 향토문화선양사업 송파문화 연2회 발간 송파문화봉사단 팀별활동 5) 향토사료 조사사업 향토사료 조사수집을 통한 사료집 발간 6) 향토예술인 활용사업 송파 문화예술인의 밤 초대작가 전시회 및 문화원 수강생들의 작품 전시발표회 체험프로그램:전통문화 강좌 / 인문학 강좌 / 예술문화강좌 / 어학강좌 / 음악강좌 / 미술 예술문화강좌 / 건강 레크레이션강좌 / 재테크강좌 / 컴퓨터강좌 / 야간강좌 / 토요강좌 예약안내:,"['문화', '송파', '역사', '가치', '지역']",문화시설,서울
신월음악도서관,서울 양천 오목로5길 34 (신월동),37.5247705145,126.8401042589,신월음악도서관은 2006년 2월 지역 주민들에게 독서문화 및 지식정보제공을 위해 신월4동 복합청사에 설립된 양천구 구립도서관이다. 양천구 지역 주민들을 위한 독서 및 문화 나눔터를 지향하며 주민들의 다양한 관심사를 반영한 장서와 독서 및 문화 프로그램을 제공하면서 올바른 도서관 문화 형성에 기여하고 있다.,09:00-22:00,매주 월요일 / 법정공휴일,체험프로그램:독서문화프로그램 예약안내:,"['문화', '도서관', '주민', '독서', '신월']",문화시설,서울
아라리오뮤지엄 인 스페이스,서울 종로 율곡로 83,37.5776336905,126.9884253574,아라리오뮤지엄은 ㈜아라리오의 창업자인 김창일 회장이 남다른 안목과 열정으로 수집한 컬렉션을 바탕으로 탄생한 컨템포러리 아트 뮤지엄이다. 서울과 제주에 위치한 아라리오뮤지엄은 사무실 영화관 모텔 등으로 사용되던 건물들을 활용해 기존 건물의 역사적 가치에 현대미술의 문화적 가치를 더함으로써 과거와 현재가 교차하는 독창적인 문화 공간으로 재탄생시켰다. 아라리오뮤지엄은 시대적 사회적 문화적으로 다양한 가치를 지닌 국내외 현대미술 작품들을 지속적으로 소개하며 관람객과 예술적 경험을 함께 나누고 소통하는 문화예술 공간이 되고자 한다.,10:00-19:00,매주 월요일,nan,"['아라리오', '뮤지엄', '문화', '가치', '탄생']",문화시설,서울
양천구 갈산도서관,서울 양천 목동남로4길 48 6,37.5088978449,126.8673577758,갈산도서관은 신정7동 주민들의 문화 쉼터 공간으로서 양질의 도서와 다양한 문화프로그램 제공을 통해 지역 주민들의 독서 흥미를 유발하고 올바른 독서 습관 형성에 기여할 수 있는 양천구 중심 도서관이다. 다양한 도서와 자료를 보유하고 있어 학습과 독서에 적합한 환경을 제공한다. 최신 정보와 자료를 찾을 수 있는 시설과 편안한 열람 공간을 갖추고 있다. 또한 어린이와 청소년을 위한 프로그램이 다양하게 운영되어 가족 단위 방문객에게 인기가 많다. 누구나 쉽게 접근할 수 있는 도서관으로 지식과 정보를 나누는 중요한 역할을 한다.,09:00-22:00,매주 월요일 / 법정공휴일,체험프로그램:독서문화프로그램,"['독서', '주민', '문화', '공간', '도서']",문화시설,서울
양천구 역사홍보관,서울 양천 목동동로 81 (신정동),37.5160302875,126.8638773374,양천구 역사홍보관은 해누리타운 1층에 위치해 있다. 이곳은 양천구의 역사 변천과정을 시간적 흐름에 따라 시각적으로 구현해 아이들부터 학생 어르신에 이르기까지 양천구의 역사를 한눈에 쉽게 알 수 있도록 했다. 양천구의 연혁이 한눈에 보기 쉽게 정리되어 있으며 기록과 역사를 담아내고 있다. 양천구에 대해 깊이 알고 싶다면 역사홍보관 방문하는 것을 추천한다.,06:30-23:00,연중무휴,체험프로그램: 예약안내:,"['양천구', '역사', '홍보관', '해누리타운', '위치']",문화시설,서울
양천구 영어특성화도서관,서울 양천 목동동로 81 (신정동),37.5160302875,126.8638773374,양천구 해누리타운 7층에 위치한 영어특성화도서관은 기존에 있던 어린이영어도서관 및 영어체험센터를 새롭게 리모델링한 공간이다. 도서관에는 도서 5만여 권이 비치되어 있으며 이중 19 500권이 영어 관련 서적으로 유아들이 읽기 쉬운 동화책부터 성인들이 볼 수 있는 영어 원서까지 다양한 주제의 서적들을 구비했다. 특히 비치된 도서 19 500여 권 중 2 530권이 지역 주민 기업 종교단체로부터 기증된 책이다. 서가 외의 공간은 어린이영어자료실 어학실 2개 프로그램실 2개 스토리텔링룸 해외자매결연도시 자료실 등으로 알차게 구성하여 아이들을 위한 영어교육 공간이자 지식충전공간으로 자리매김하고 있다.,09:00-22:00,매주 일요일 / 법정공휴일,체험프로그램:독서문화프로그램,"['영어', '공간', '도서관', '어린이', '도서']",문화시설,서울
양천문화회관,서울 양천 목동서로 367,37.5164580059,126.8633162653,양천문화재단에서 운영하고 있는 양천문화회관은 지역 주민들을 위한 문화예술 공간으로 양천구 문화의 중심지로 자리매김해 왔다. 다양한 공연과 전시 문화 프로그램을 통해 주민들에게 예술적 영감을 주고 있다. 현대적인 시설과 우수한 음향 조명 장비를 갖추고 있어 다양한 장르의 공연을 소화할 수 있다. 수준 높은 공연 축제 전시를 개발하여 양천구 문화의 새로운 가능성을 발견하고 지역문화진흥과 구민문화 향유의 구심점이 되고자 한다.,08:00-22:00,연중무휴,nan,"['문화', '공연', '양천', '지역', '주민']",문화시설,서울
양화진홀 전시관,서울 마포 양화진길 46,37.546477603,126.911699899,양화진홀은 한국의 복음화를 위해 목숨까지 바쳤던 선교사들의 신앙과 고귀한 삶을 기리고 조명하는 공간이다. 당시 선교사들이 어떤 사람들이었으며 왜 조선을 찾았는지 하나님께서는 그들을 조선으로 이끌기 위해 어떻게 섭리하셨는지 그리고 그들은 조선에 들어와 어떤 활동을 하였는지 살펴볼 수 있는 자료들이 주제별로 전시되어 있다. (출처: 양화진외국인선교사묘원),10:00-15:30,매주 일요일,nan,"['선교사', '조선', '양화진', '위하', '한국']",문화시설,서울
에스파스 루이비통 서울,서울 강남 압구정로 454 (청담동) 루이비통 메종 서울,37.5256657669,127.0462410086,에스파스 루이비통 서울(Espace Louis Vuitton Seoul)은 다양한 예술품들을 전시하는 도심 속의 미술관으로 도쿄 뮌헨 베네치아 베이징 오사카에 이어 서울에 위치한 루이비통 재단 미술관(Fondation Louis Vuitton)이다. 소장품들에 대한 국제적인 접근성을 높여 대중에게 관람 기회를 제공하고자 하는 재단의 목표하에 세워졌다. 게르하르트 리히터 앤디 워홀 등 다양한 예술가들에 대한 특별전을 진행한다.,nan,nan,nan,"['루이비통', '서울', '다양', '미술관', '재단']",문화시설,서울
에스팩토리,서울 성동 연무장15길 11 (성수동2가),37.5423085165,127.0594809973,에스팩토리는 1980년대부터 이어온 공장지대와 젊은 예술가들의 개성 강한 공간들이 멋스럽게 어우러진 성수동은 서울의 새로운 명소가 되었다. 이곳은 2014년 ‘도시재생 시범구역’으로 선정된 후 수제화 거리와 공장지대로 젊은 문화예술인들이 모여들기 시작했고 젊은 문화예술인들이 운영하는 작은 카페 레스토랑 공방은 성수동의 새로운 풍경이 형성되었다. 현재 스튜디오 오피스 레스토랑 카페 팝업 스토어 등이 한 곳에 모여 있으며 대관 공연 전시 등 다양한 문화 행사가 펼쳐지고 있다.,10:00-22:00,연중무휴 점포 별로 상이함,nan,"['문화', '공장', '지대', '성수동', '새롭']",문화시설,서울
에코스페이스 연의,서울 양천 신정이펜1로 12 (신정동),37.511749701,126.8342218274,서울 양천구에 위치한 에코스페이스연의는 도심 속 생태 가치를 품은 특별한 문화·생태체험학습 교육 공간이다. 국내 최초의 인공 저류지 공원인 연의공원을 배경으로 이곳은 사계절 내내 생물다양성의 아름다움을 경험할 수 있는 생태교육 중심지로 자리 잡고 있다. 특히 7~8월이면 연의 연못에 수 놓인 연꽃의 향연은 시민들의 쉼과 감동을 선사한다. 에코스페이스 연의는 양천구 관내 교육기관과 협력해 생물다양성 교육을 활발히 진행하고 있으며 생태적 감수성을 기르는 생생한 체험의 장으로도 사랑받고 있다. 건립 당시 5그루의 미루나무를 보존하며 자연과 공존하는 건축 방식을 실천해 서울시 건축상(우수상)을 수상한 점 또한 주목할 만하다. 지속가능한 도시 생태계의 모델이자 문화와 교육이 함께하는 에코스페이스 연의는 서울 시민 누구에게나 열려 있는 자연 속 힐링 공간이다. 도심 속 새로운 생태 경험을 시작하는 곳이 바로 에코스페이스 연의이다.,10:00-17:00,매주 월요일 / 법정공휴일,체험프로그램:에코키즈스쿨 / 에코패밀리(유아 초등가족) 주말 프로그램 등 자세한 사항은 유선 문의,"['생태', '교육', '에코', '스페이스', '서울']",문화시설,서울
위니아트(건국대학교 새천년관 대공연장),서울 광진 능동로 120 (화양동) 새천년관 지하,37.5416615911,127.0717965616,위니아트는 ‘보다 많은 사람들에게 양질의 공연’을 이라는 정신으로 1997년 설립되었다. 국내에서는 처음으로 문화공간 운영을 시작하여 차별화 전역을 실천함으로써 양질의 공영 제공은 물론 가격과 서비스를 포함한 종합적인 고객만족을 구현해 나가고 있다. 국내 선진 공연문화의 정착과 그에 따른 올바른 사회적 역할에 부응하려 지난 10여 년간 최선의 노력을 경주하여 왔다. 독주에서 오케스트라까지 장르면에서 클래식과 대중음악을 막론하고 다양한 문화행사를 소화해 낼 수 있는 다목적 공연장이다. 또한 완벽한 시설을 갖춘 회의장으로 국제회의 및 세미나 등으로 쓰이기에 손색이 없다.,공연 및 전시 별로 상이함,공연 및 전시 별로 상이함,사업내용:문화예술공연장 운영 / 문화콘텐츠 개발 및 연계 / 문화마케팅 기획 및 운영 / 문화행사 기획 및 연출,"['문화', '양질', '공연', '국내', '위니아트']",문화시설,서울
유 아트 스페이스,서울 강남 압구정로71길 10 (청담동),37.527434999,127.0458771023,아트스페이스는 현대미술 (Modern & Contemporary Art) 작가들의 작품들을 선별 전시하고 판매하는 갤러리다. 갤러리에서 전시하는 작가들의 주요 자료를 제공하며 합리적이고 투명한 가격공개 및 거래 시스템의 운영을 통하여 미술시장의 건전한 발전을 도모한다.,12:00-19:00,매주 일요일~월요일 / 공휴일,nan,"['미술', '작가', '전시', '갤러리', '아트']",문화시설,서울
유니버설아트센터,서울 광진 천호대로 664 (능동),37.5510746653,127.0872782179,재단법인 효정한국문화재단이 운영하고 있는 유니버설아트센터는 1981년 11월 리틀엔젤스예술회관으로 개관하여 다목적 문화예술공간으로 각광받다가 2007년 유니버설아트센터로 명칭을 변경하였다. 2009년 객석 리모델링을 통해 현재의 모습을 갖춘 후 최상의 공연을 즐길 수 있는 공연장으로 새 출발 하였다. 지상 4층 규모의 유니버설아트센터는 세월이 지나도 변치 않는 가치(Timeless Value)를 모토로 하여 유럽 오페라하우스 풍의 화려하고 클래식한 건축 인테리어로 독창성을 인정받고 있다. 특히 건축의 마지막 작업인 장식의 몰딩은 9개국의 몰딩 전문가 12명이 수작업을 통해 2년에 걸쳐 완공하여 국내 공연장으로서는 유일무이하게 그 견고한 아름다움을 자랑하고 있다. 주요 시설로는 국내에서 가장 아름다운 객석 경관을 갖춘 대극장 세미나 또는 만찬을 개최할 수 있는 루나홀 관객들이 한 동선에서 원스텝(one step)으로 서비스를 받을 수 있는 메인 로비 클래식한 분위기의 카페 24개의 바톤과 메인 스테이지 및 사이드 스테이지를 갖춘 무대 80명의 아티스트를 수용할 수 있는 쾌적한 분장실 등을 갖추고 있다. 유니버설아트센터에는 세계 정상의 유니버설발레단 최고의 발레 교육 시스템을 갖춘 유니버설발레단 부설 발레 아카데미 노래하고 춤추는 외교사절 리틀엔젤스예술단 아티스트의 산실 선화예술학교가 있어 공연장 예술단체 예술교육기관이 함께 어우러져 참다운 예술 가치를 실현하고자 노력하고 있다.,공연 별로 상이함,매주 월요일,사업내용:공연 / 행사 / 영화 / CF촬영 / 패션쇼 / 카달록 촬영 등,"['예술', '갖추', '유니버설', '아트센터', '공연장']",문화시설,서울
응암정보도서관,서울 은평 가좌로 179 (응암동) 2~3층,37.587109151,126.9206340476,응암정보도서관은 2009년 개관하여 은평구의 대표적 공공도서관이다. 도서관이 있던 기존 건물은 생활 SOC(사람들의 일상생활에 필요한 필수 시설)로 탈바꿈하기 위해 재건축에 들어갔다. 현재 상업건물 2~3층에 임시 이전하여 운영하하고 있다. 2층은 자료실과 전 연령을 위한 원서와 도서가 준비되어 있고 3층에는 독서 토론 및 문화강좌를 위한 문화강좌실이 마련되어 있다. 다양한 문화행사도 진행하고 있는데 지역주민의 지역적·문화적 특성을 고려한 프로그램으로 구성되어 있으며 유익하고 다양한 문화체험을 경험할 수 있다.,09:00-18:00,매주 금요일 / 법정공휴일,체험프로그램:문화행사,"['문화', '도서관', '위하', '건물', '생활']",문화시설,서울
이화여고100주년기념관,서울 중 정동길 26 (정동),37.5658819712,126.9713189165,이화여고 100주년 기념관은 1975년의 화재로 철거된 프라이홀 자리에 건립한 교육관으로 서울 중구 정동길 이화여고 동문 옆에 있다. 화재로 철거되기 전까지 프라이홀은 구 손탁호텔을 대신하여 기숙사와 실험실 교실 등으로 활용되었다. 프라이홀의 복원을 위한 졸업생들의 오랜 노력 끝에 2004년 이화여고 100주년 기념관이 준공되었다. 지하 1층 지상 5층의 멀티미디어 교육관으로 갤러리 카페 음악실 개인연습실 시청각실 공동작업실 교사연구실 등의 다양한 시설들을 갖추고 있다. 1층과 2층의 화암홀은 공연에 적합한 최신 시설과 장비를 갖추고 있어 뮤지컬 콘서트 등 다채로운 공연과 교육 행사 장소로 이용되고 있다.,공연 및 행사 별 상이하므로 홈페이지 참고,공연 및 행사 별 상이하므로 홈페이지 참고,체험프로그램: 예약안내:,"['이화여고', '프라이', '주년', '기념관', '화재']",문화시설,서울
전통주갤러리,서울 종로 북촌로 18,37.5784557709,126.9858672342,서울특별시 종로구 인사동에는 농림축산식품부와 문화체육관광부가 협력하여 만든 전통주의 가치를 느낄 수 있는 전통주 갤러리가 있다. 우리 농산물로 빚은 우리의 전통주를 상시적으로 홍보하기 위해 마련된 공간으로 소비자와 외국인이 손쉽게 얻기 어려운 전통주에 대한 다양한 정보를 제공하는 안내 창구의 역할을 하고 있다. 또한 지속적인 전통주의 수요 창출과 시장 확대를 위하여 외식기업 및 유통(판매) 전문가를 대상으로 전통주 교육과 비즈니스 상담을 지원하며 국내외 언론과 파워블로거를 통해 우리의 전통주와 문화가 홍보되도록 적극적인 홍보활동도 펼치고 있다. 전통주 갤러리는 전통주 소믈리에 등 전통주에 특화된 전문가들이 운영을 하고 있으며 매달 다른 주제를 가지고 다양한 전통주를 소개하고 시음하는 행사도 진행하고 있다.,10:00-19:00,nan,입 장 료:무료,"['전통주', '홍보', '문화', '갤러리', '위하']",문화시설,서울
조형갤러리,서울 종로 인사동5길 29,37.5719870597,126.9848258458,조형갤러리는 여러 분야의 미술을 소개하는 대형 전시 공간이다. 1990년 관훈동에 개관한 이후 2002년 인사동으로 더 넓게 확장 이전하였으며 회화제 및 인사포럼과 역량 있는 작가의 기획전시와 대관 전시를 통해 여러 분야의 미술을 소개하고 있다. 조형 갤러리 전시 공간의 주요 부분은 좌우 15m의 정사각형 형태이고 나머지 부분은 좌우 4m 6m의 전시 공간이며 천장의 높이는 3m로 구성되어 있다. 정사각형 구조와 높은 천장으로 이루어진 전시 공간은 전시작품이 한눈에 들어올 수 있게 하는 시원한 구도이다. 또 가벽을 설치하여 자연스럽게 여러 가지 형태의 전시 공간을 만들어 많은 작품을 전시할 수 있고 자신만의 독특한 전시 형태를 연출 할 수도 있다.,10:30-18:30,연중무휴,체험프로그램:어린이 대상 미술체험교실을 여름방학 중에 연다. 성인대상 프로그램 '크로아키'를 매주 목요일에 연다. 소장품현황:유화를 중심으로 수채화 등 다수 사업내용:그림 조각 사진 기획전시 기타 상설전시 대관 외국어 안내서비스:한국어 영어 안내 서비스 가능,"['전시', '공간', '형태', '조형', '갤러리']",문화시설,서울
종이나라박물관,서울 중 장충단로 166 (장충동1가),37.5596944272,127.0061714713,종이나라 박물관은 우수한 우리의 종이 접기와 종이문화를 보존 전시하고 교육하여 방문객들의 문화 예술 향수 기회를 확대하고 종이문화 예술의 발전을 진작시키기 위해 설립되었다. 종이의 역사는 인류 기술 및 정보 발달 역사상 가장 중요한 부분을 차지하고 있기에 인류 문명의 역사와 함께 해 왔다고 해도 과언이 아니다. 특히 우리 민족은 일찍이 발달한 제지기술을 바탕으로 일상생활에서 다양하게 종이를 이용해 왔다. 우리나라 사람들에게 종이는 ‘문방사우’라 하여 문필의 용도였고 집의 마감재로써 다양한 공예품의 재료로서 최고의 장식품이자 생활용품이었다. 종이와 깊이 관련을 맺고 있는 우리 민족의 삶이기에 종이문화 예술은 한국인의 미감이 가장 잘 반영되어 있다. 이렇듯 훌륭한 우리의 전통문화의 중심인 종이 접기와 종이문화의 가치를 주목하여 수준 높은 전시를 기획하고 아울러 국제 교류를 통하여 우리의 종이문화 예술을 해외에 적극적으로 홍보하고 있다. 또한 이를 통해 세계 모든 사람들에게 종이나라 박물관의 작품을 통해 한국적 미감의 아름다움과 한국 문화의 우수성을 알리고자 한다.,09:30-18:00,매주 일요일 / 법정공휴일,체험프로그램:전시해설 / 한지뜨기 / 종이클레이 탈 만들기 / 한지 복주머니 만들기 등 예약 필수 소장품현황:종이(지류) 초조대장경 / 승경도 등 8 000여점,"['종이', '문화', '예술', '나라', '역사']",문화시설,서울
지식재산전문도서관,서울 강남 테헤란로 131 한국지식재산센터,37.500135159,127.0329540519,한국지식재산연구원 지식재산전문도서관은 세계 각국의 지식재산 정보 및 전문자료를 수집·제공함으로써 지식재산분야의 학술연구기반 조성 및 정보교류의 허브 역할을 수행하고 있다. 국내외 지식재산 유관기관과의 정보교류를 통해 다양한 지식재산 정책정보 수집 및 협력 네트워크 구축에 노력하고 있으며 지식재산분야 고가·희귀 자료 및 온라인 DB E Journal 등 전문자료를 수집·제공하고 있다. 특히 2018년도에는 전국도서관 운영평가에서 전문도서관 부문 최우수상(문화체육부 장관상)을 수상하여 도서관 운영의 우수성 및 전문성을 인정받은 바 있다.,10:00-17:00,공휴일 / 대체휴무일 / 창립기념일 (12.9),사업내용:지식재산 관련 정보의 열람 복사 / 협정체결기관 대출 / 세미나실 무료 대관 / 특허기술거래 상담(한국발명진흥회),"['지식', '재산', '전문', '도서관', '정보']",문화시설,서울
창희보석예술관,서울 강남 압구정로 210 (신사동),37.5277985634,127.0301507464,창희보석예술관은 조창희주얼리(구 제이젬)에서 운영하는 보석 작품 전시 예술관이다. 약 35년간 보석 및 귀금속 세공 장인인 조창희 씨의 예술적인 감각과 장인 정신으로 다양한 보석 화석 나무 금속 등을 소재로 하여 제작한 작품을 전시하였다. 기존의 원석의 종류와 특성만 알려주던 박물관에서 탈피하여 스토리가 있는 살아있는 예술작품으로 승화시켜 50여 년간의 주얼리 디자인 세공기법들을 함께 엿볼 수 있도록 전시했다. 3억 년 된 나무화석 200㎏의 종유석 350㎏의 황수정 원석 등의 희귀한 원석들로 작게는 30㎝에서 크게는 3m에 이르는 약 50점의 작품이 전시되어 있다.,10:00-18:00,매주 일요일,소장품현황:원석 / 과거 주얼리 제품 / 미술품 / 고가구,"['보석', '작품', '전시', '원석', '예술관']",문화시설,서울
청와대 사랑채,서울 종로 효자로13길 45,37.58245229,126.9725822208,청와대 사랑채는 ‘누구에게나 열린 안식처’로 만남과 소통의 문화 공간으로 여행도서관 콘셉트의 공간이 곳곳에 구성되어 있으며 쉼이 있는 여행 전시로 특별함을 더한 곳이다. 청와대 주변에서 한국 전역까지 확장되는 여행을 통해 나만의 꿈을 펼쳐보는 시간을 가져볼 수 있다. 청와대사랑채는 2024년 6월 재개관 하였으며 1 2층의 전시실과 함께 편의시설로는 수유실 물품보관소 장애인화장실 기념품점 및 카페가 있다.,09:00-18:00,매주 화요일 (화요일이 공휴일인 경우 공휴일 다음 첫번째 평일 휴관) / 1월 1일,외국어 안내서비스: 외국어 전시해설 시간 [영어] 10시 2시 [중국어] 10시 2시 [일본어] 12시 4시 모이는 곳 : 1층 안내데스크 앞 접수 방법 10명 이상 단체 : 최소 3일 전 전화예약 (최대인원 30명) 10명 미만 : 당일 현장 접수 가능 예약관련 문의 : 02)723 0300 전시관 공사 기간 중에는 운영 중인 전시실만 관람 가능하며 전시해설은 약 15분간 진행됩니다. 휴관일(월요일)에는 전화접수 불가합니다. 예약시간으로부터 15분 이상 지각 시 취소될 수 있습니다. 영리를 목적으로 한 단체는 전시해설이 불가합니다. 원활한 전시해설의 진행을 위해 미취학 아동 및 단체는 참여하실 수 없습니다. 전시해설에 대한 녹취 및 영상 녹화는 해설사의 사전 승인 없이는 불가합니다. 전시관 사정에 의해 사전공지 없이 변동 및 취소될 수 있습니다. 예약안내:전시해설 : 전화 예약 가능 (02 722 0300) 최소 3일 전 전화 예약 최대인원 30명 외국인 예약안내:전시해설 : 전화 예약 가능 (02 722 0300) 최소 3일 전 전화 예약 최대인원 30명 한국어 안내서비스:수~월요일 (화요일 휴무)10:30 / 14:00,"['청와대', '여행', '사랑채', '공간', '열리']",문화시설,서울
초전섬유·퀼트박물관,서울 중 퇴계로18길 66 (남산동1가),37.5581803204,126.9842429564,초전섬유·퀼트박물관은 1998년 10월 27일에 개관한 박물관으로 다양한 국내외 섬유예술작품들을 보유한 국내 유일의 섬유예술박물관이다. 박물관의 설립자인 제일문화원 김순희 원장은 사라져 가는 한국 전통 조각보 기법의 전승과 한국섬유예술의 세계화라는 생애 목표를 이루고자 수도 서울의 심장부인 남산 끝자락에 섬유예술박물관을 개관하였다. 개관과 동시에 첫 기획전인 일본 국제 퀼트 콘테스트 공모전 입상작 전시회를 성공리에 마쳤으며 이어 제1회 한국퀼트콘테스트 공모전과 입상작 전시회 퀼트 분야에서 새롭게 시도된 맨홀 퀼트 기획전 아름다운 환경을 위한 시도 세계의 전통섬유직물전 등 퀼트와 텍스타일 분야를 넘나드는 다양한 기획전들을 차례로 개최하였다. 또한 섬유예술에 관련된 워크숍과 세미나를 개최하여 작가와 전문인들에 대한 교육의 장을 제공해나가고자 한다. 독특한 아이템과 전시기획으로 외국인들에게 새로운 관광 코스로 부각되고 있는 초전섬유·퀼트박물관은 소장품이 전시되는 상설 전뿐만 아니라 다양한 기획전과 섬유 및 퀼트 콘테스트를 개최함으로써 일반인들에게 다소 생소한 섬유예술작품들을 보다 가깝게 접할 수 있는 기회를 제공하고 섬유예술을 공부하는 젊은 세대들에게는 민족의 우수한 전통 섬유예술 전수하여 세계로 발돋움할 수 있는 기반이 되어 주고자 한다. 또한 국내의 기존 섬유예술작가들에게 해외 각국의 독특한 섬유예술을 소개함으로써 새로운 기법과 아이디어를 얻음과 동시에 폭넓은 안목 국제적인 감각을 키울 수 있는 기회를 제공하고자 한다.,10:00-17:00,매주 토요일~일요일,소장품현황:1 015점 1) 한국 전통자수 및 조각보 152점 2) 한국 전통 장신구 32점 3) 한국 전통 한복 89점 4) 중국 전통복식 및 자수품 260점 5) 중국 장신구 52점 6) 해외 전통퀼트 및 패치워크 95점 7) 해외 수직퀼트 25점 8) 세계의 민속 복식 인형 310점,"['섬유', '예술', '퀼트', '박물관', '개관']",문화시설,서울
최인아책방,서울 강남 선릉로 521 (역삼동),37.5061041798,127.0479247426,최인아책방은 6 000 여 권의 장서를 갖춘 중형 서점이자 강연 모임 콘서트 등이 활발하게 이루어지는 복합문화공간이다. 책방 주인이 선별한 좋은 책들이 주제별로 진열되어 있고 지인들이 추천한 책 안에는 추천 이유를 진솔하게 적은 북카드가 들어있어 자신에게 필요한 책을 쉽게 선택할 수 있다. 이 책방의 클래식한 공간은 커피와 함께 책 읽기 좋도록 서재 같은 느낌으로 인테리어 되어있다.,12:00-19:00,연중무휴,체험프로그램: :,"['책방', '공간', '추천', '최인아', '장서']",문화시설,서울
코리아나 화장박물관,서울 강남 언주로 827,37.5240601559,127.0327895008,코리아나 화장박물관은 한국의 전통 화장문화를 소개하는 국내 유일 전문 박물관이다. 전통 화장문화를 보존하고 널리 알리고자 2003년 11월 개관 이후 꾸준한 전시와 연구활동을 하며 성장해 왔다. 박물관은 자연에서 얻은 천연재료로 만든 화장재료 통일신라 시대부터 근대까지 여성이 사용했던 다양한 화장용기 화장도구 근대 화장품 등 상설전시와 기획전시를 통해 한국 화장의 역사와 흐름에 대한 이해를 높이는 것에 중점을 두고 있다. 이뿐만 아니라 한국과 중국 일본의 화장문화를 비교 연구하여 동북아시아 지역의 화장문화를 알리고 나아가 세계 화장문화를 연구하고 소개하는 선도적역할을 하고자 한다.,11:00-18:30,매주 일요일~월요일,nan,"['화장', '문화', '박물관', '한국', '전시']",문화시설,서울
평화문화진지,서울 도봉 마들로 932 (도봉동),37.6907576895,127.046430738,2017년 개관한 평화문화진지는 군사시설인 옛 대전차방호시설을 문화창작 공간으로 재탄생시킨 곳이다. 대결과 분단의 상징이었던 대전차방호시설의 흔적들을 보존한 채 공간재생사업을 통해 평화와 창조의 공간으로 거듭난 평화문화진지는 지역 내 예술가들에게 시설 내 공간 및 장비를 지원하고 지역문화의 활성화를 도모하는 문화예술프로그램을 운영하며 시민들과 함께 문화를 이어가고자한다.,10:00-18:00,매주 월요일 / 1월 1일 / 설·추석 연휴,체험프로그램:문화예술 체험 / 시설투어 체험,"['문화', '시설', '공간', '평화', '진지']",문화시설,서울
포스코미술관,서울 강남 테헤란로 440,37.505876575,127.056076785,포스코미술관은 1995년 9월 포스코센터 포스코갤러리로 설립되었으며 포스코홀딩스가 추구하는 배려와 공조 공생의 가치를 예술을 매개로 나누고 실천하는 포스코 그룹의 아트 플랫폼이다. 포스코미술관은 주로 회화 조각 설치 미디어 아트 등 다양한 장르의 전시를 개최하고 있다. 또한 전시와 연계된 교육 프로그램 강연 워크숍 등을 운영하여 대중들의 문화예술 향유 기회를 확대하고 있다. 포스코미술관은 이외에도 일반인과 포스코 그룹사 임직원등을 위한 포스코미술관 프로그램을 운영하고 있다.,10:00-18:00,4월 1일 창립기념일,예약안내:가능 외국인 예약안내:가능 외국어 안내서비스:영어 가능(사전문의) 한국어 안내서비스:가능,"['포스코', '포스코미술관', '예술', '아트', '전시']",문화시설,서울
하이커 그라운드,서울 중 청계천로 40 한국관광공사 서울센터,37.568581843,126.9816428989,한국관광공사 서울센터에 개관한 ‘하이커 그라운드’는 K POP 체험과 미디어 아트 관람을 동시에 할 수 있는 한국 관광 홍보관이다. '하이커 그라운드'의 이름에는 한국(KR)이 반가운 인사(Hi)를 건네고 글로벌 여행자들의 놀이터(Playground)가 되겠다는 뜻이 담겨있다. 특히 MZ 세대를 위해 다양한 방식으로 한국 관광 콘텐츠를 제공하고 있다. 1층은 대형 미디어 ‘하이커 월’을 통해 다양한 미디어 아트를 즐길 수 있는 공간으로 미디어 아티스트 이이남 작가의 ‘신도시산수도’ 글로벌 한류 팬들이 공모한 한국 관광 영상 등을 볼 수 있고 2층「케이팝그라운드」에서는 XR 라이브 스튜디오를 활용하여 K pop 뮤직비디오를 직접 제작해보는 체험을 할 수 있다. 청계천이 보이는 창가에서 설치미술가 서도호 작가의 ‘North Wall’ 작품을 감상하며 계단을 올라가면 3층 「하이커스트리트」를 발견할 수 있다. 국내 1세대 그래피티 라이터인 알타임죠 작가의 작가의 작품과 함께 골목골목 한국의 자연스러운 일상문화 콘텐츠를 AI AR XR 등 최신기술로 구현한 상설전시이다. 4층「로컬그라운드」에서는 한국 로컬 관광을 다양한 예술 체험 전시를 통한 기획전시(~25.06 「노마드의 모자샵」 PER:SCENT 「나의 한국적 취:향香」 전시 중) 로 만날 수 있으며 마지막 5층 하이커 라운지에서 청계천을 조망할 수 있는 포토스팟 테라스와 함께 관광안내센터가 위치하고 있어 다양한 한국관광정보를 얻을 수 있다.,10:00-19:00,nan,nan,"['한국', '관광', '그라운드', '미디어', '다양']",문화시설,서울
한국의집,서울 중 퇴계로36길 10 (필동2가),37.5602774831,126.9945141838,한국의집은 1957년 국내·외 귀빈을 위한 영빈관으로서 한국의 전통문화와 아름다움을 소개하기 위하여 설립되었다. 이후 대대적인 개·보수와 생생한 역사의 현장을 거쳐 현재 한국의집은 고품격 복합문화공간으로서 한국의 아름다운 전통문화를 보존 및 보급하고 있다. 전통한식 전통예술공연 등이 운영되고 있으며 비즈니스 행사나 촬영 등을 위한 대관장소로도 이용할 수 있다. 궁중음식 파인 다이닝에서는 조선왕조 궁중 및 반가음식을 기반으로 한 한정식 코스로 다채로운 한식을 고급스럽고 모던한 상차림으로 선보인다. 고풍스러운 한옥에서 품격 있는 한식의 향연을 만나볼 수 있다. 전통다과 고호재는 ‘옛 것을 좋아하는 이들의 집’이란 지닌 한국의집 프리미엄 궁중다과 브랜드이다. 1인 소반에 정성스레 차려낸 전통차와 제철 재료로 빚은 떡 한과 등의 다과상과 함께 일상의 달콤한 여유를 즐길 수 있다. 도심 속 한옥의 정취와 함께 전통다과의 깊은 맛을 경험할 수 있다. 1981년 창단한 국가유산진흥원 소속 예술단은 전 세계를 누비며 한국의 아름다움을 알려온 국내 최고 수준의 전통 무용단이다. 오랜 역사만큼이나 다채로운 공연 레퍼토리와 독보적인 기량으로 압도적인 예술무대를 선보인다. 고객의 요청사항에 맞게 공연 레퍼토리를 구성할 수 있다. 한국의집은 문화체육관광부와 한국관광공사가 선정한 ‘코리아 유니크 베뉴이다. 고유의 헤리티지를 보유한 한국의집은 한옥 한식 전통공연 등 다양한 문화유산 콘텐츠를 한곳에서 즐길 수 있는 공간으로 특별한 행사에 품격과 의미를 더한다. 비즈니스 모임 장소뿐만 아니라 영화 드라마 유튜브 등 다양한 목적을 위한 촬영장소로도 자주 이용되며 패션잡지 BTS 빌보드 매거진 커버 촬영도 이루어진 바 있는 촬영명소라고 할 수 있다. ◎ 한류의 매력을 만나는 여행 정보 2018년 BTS가 메인 모델을 장식한 빌보드 매거진 커버 사진을 보면 배경의 고풍스러운 한옥 건물을 발견할 수 있다. 이곳은 한국문화재재단이 운영하는 전통문화 공간 ‘한국의집’이다. 한정식부터 전통문화체험 전통예술 공연 등 다양한 한국의 역사와 문화를 경험할 수 있는 공간으로 가장 한국적인 것이 무엇인지 궁금하다면 ‘한국의집’을 찾아가 볼 것을 추천한다.,08:00-22:00,매주 월요일 / 설·추석 연휴,체험프로그램: 예약안내:,"['한국', '전통', '문화', '공연', '위하']",문화시설,서울
한전아트센터 공연장,서울 서초 효령로72길 60 (서초동),37.4856423108,127.0280882379,한전아트센터 공연장은 한국전력이 운영하는 공연장으로 뮤지컬 오페라 클래식 대중음악 등 다양한 장르의 예술공연을 유치하고 있다. 엄정한 대관 심사를 거친 우수한 작품을 관객에게 제공함은 물론 공연단체의 대관료 부담을 덜어 줌으로써 문화 예술계에 참신하고 획기적인 공연장 운영 모델을 제시해 주고 있다.,공연 별로 상이함,연중무휴,사업내용:공연사업 교육사업 대관사업,"['공연장', '운영', '예술', '공연', '한전']",문화시설,서울
한지가헌,서울 종로 북촌로 31 9 (재동),37.5795917241,126.9844201117,‘한지의 집’이라는 의미를 담은 한지가헌(Hanji House 韓紙家軒)은 (재)한국공예·디자인 문화진흥원이 운영하는 공간으로 전통 유산인 한지의 우수성을 널리 알리고 쓰임을 확대하기 위하여 설립되었다. 1층은 한지의 새로운 쓰임새를 발견하고 제안하는 전시관(한지마루)으로 구성되어 있으며 지하 1층은 소통공간으로 전국 18개 전통 한지 공방들과 전통 종이에 대한 정보를 전문적으로 구성한 한지자료저장소를 비롯하여 한지배움터 한지사진관으로 구성되어 운영된다.,10:00-19:00,매주 월요일 / 설·추석 당일 / 법정공휴일(일요일 제외),소장품현황:전국 18개 전통한지 공방의 한지 및 한국공예·디자인문화진흥원 한지분야 사업 결과물 등 예약안내:네이버 플레이스 혹은 02 741 6600,"['한지', '전통', '구성', '운영', '공간']",문화시설,서울
함석헌기념관,서울 도봉 도봉로123길 33 6 (쌍문동),37.6530146487,127.0348106527,함석헌기념관은 우리나라를 대표하는 인권 운동가로 '씨알의 소리'를 창간하고 시인 교육자 사상가 언론인 역사가로서의 삶을 살았던 함석헌 선생(1901~1989)을 기리기 위해 마지막 여생을 보내셨던 도봉구 쌍문동 집을 보존 리모델링하여 작은 기념관 형식으로 건립한 곳이다. 함석헌 선생이 생활하셨던 지상 1층은 선생의 유품 전시 발자취 영상 상영 등 전시실로 구성하였으며 창고로 사용하셨던 지하 1층은 세미나실 도서열람실 게스트룸 등 주민커뮤니티 공간으로 구성하였다. 그 외에도 씨알갤러리와 주민공간으로 유리온실과 앞마당 쉼터가 조성되어있다. 함석헌기념관은 작지만 알차고 의미 있는 함석헌 선생을 널리 알리고 주민들에게 편안하고 뜻깊은 공간이 될 수 있도록 최선을 다하고 있다.,09:00-18:00,매주 월요일 / 1월 1일 / 설﻿·추석 연휴,nan,"['함석헌', '선생', '기념관', '주민', '공간']",문화시설,서울
환기미술관,서울 종로 자하문로40길 63 (부암동),37.5940980426,126.9661269237,환기미술관은 1992년 11월 수화 김환기를 기리고 현대미술의 발전에 공헌하고자 건축가 우규승의 설계로 서울에 개관하였다. 한국현대미술을 대표하는 김환기의 예술세계를 널리 알리기 위해 매년 김환기 연구 특별기획전과 도록을 발간하고 있으며 ‘근현대작가 연구’ ‘수화가 만난 사람들’ ‘환기미술관 공간프로젝트’ ‘환기재단 작가전’과 같은 현대작가와 동시대 작가들 전시뿐만 아니라 ‘프리환기’ 공모전을 통하여 다양한 분야에서 활동하는 젊은 예술가들의 창작활동을 지원하고 있다. 또한 ‘치매어르신 예술프로그램’ ‘아트온’ ‘아트띵크’ 등과 같은 교육프로그램을 통해 시민사회를 위한 공공교육기관으로서의 역할도 담당하고 있다. 이는 예술가가 남긴 훌륭한 예술세계가 시간과 더불어 우리 문화유산으로 역사에 남는다는 설립자의 신념에서 출발한 것이다. 앞으로도 환기미술관은 기관의 미래 비전인 “예술로써 소통하는 사회로의 꿈”을 실현하기 위해 더욱 노력할 것이다.,10:00-18:00,매주 월요일 / 1월 1일 / 설날·추석,체험프로그램:전시연계 교육프로그램,"['예술', '환기미술관', '김환기', '현대', '위하']",문화시설,서울
흰물결아트센터,서울 서초 반포대로 150 (서초동),37.4934854711,127.0072982423,황무지에 ‘나무를 심는 사람’처럼 한 변호사가 삭막한 법조단지에 문화를 심고 사람 본연의 순수함과 선함이 '물결'처럼 퍼져나가기를 바라는 마음으로 흰물결아트센터를 탄생시켰다. 흰물결아트센터는 화이트홀 예술극장 아트홀 3개의 공연장과 흰물결갤러리 도서출판 흰물결 서점 북 앤 뮤직이 자리하고 있는 복합문화공간이다. 각 공연장은 소리의 울림과 잔향을 고려해 특별 제작된 반사판과 음향시스템을 갖춰 관람석 어디에서나 풍성한 소리를 들을 수 있어 클래식 뮤지컬 연극은 물론 북콘서트 팬미팅 기업행사 등 다양한 장르의 공연과 행사로도 사랑받고 있다. 흰물결갤러리는 자유로운 공간구성과 섬세한 조명으로 회화 조각 설치 사진 등 전시작품이 빛나는 공간이다.,09:00-22:00,연중무휴 공연 별로 상이함,사업내용:공연 기획 및 제작 / 미술작품 전시 / 공연장 및 갤러리 대관 / 서적 출판 / 서적 및 음반 판매 / 잡지 및 정기간행물 발행 등,"['물결', '공간', '사람', '문화', '아트센터']",문화시설,서울
10꼬르소꼬모 청담점,서울 강남 압구정로 416 (청담동),37.5269822119,127.0424190965,서울 강남구 압구정에 위치한 10꼬르소꼬모 청담점은 카페와 의류 및 생필품을 판매하는 편집숍을 겸하고 있는 곳이다. 건물 지하 1층에 있는 카페는 브런치 및 디저트 메뉴도 인기 있지만 멋진 인테리어로도 유명하다. 1층은 잡지 캔들 디퓨저 주방용품 등 인테리어 소품을 판매하고 있으며 2층은 의류 3층은 잡화를 판매하고 있어 분위기 좋은 곳에서 식사와 더불어 쇼핑도 할 수 있는 공간으로 인기 있다.,11:00-20:00,연중무휴,nan,"['판매', '카페', '의류', '인기', '인테리어']",쇼핑,서울
KT&G 상상마당 디자인스퀘어,서울 마포 어울마당로 65 (서교동),37.5510133552,126.9210794712,KT&G 상상마당은 영화관 공연장을 비롯한 디자인스퀘어 갤러리 아카데미 사진암실과 카페가 있어 예술가들에게는 문화예술 창작 활동 지원을 일반인들에게는 문화 향유 기회를 제공하고 있는 복합문화공간이다. 홍대의 가장 중요한 랜드마크가 된 상상마당은 사회공헌 문화 사업이 이루어지는 공간이다. 영화 음악 디자인 등의 전방위에 걸쳐 왕성하게 활동을 펼쳐 나가는 상상마당의 대문이라 할 수 있다. 디자인스퀘어는 KT&G 상상마당 1층에 자리 잡고 있으며 상상력이 돋보이는 디자인 제품의 전시와 판매 공간으로 이루어져 있다. 디자인스퀘어의 메인섹션은 상상력들이 돋보이는 디자인 제품의 전시와 판매 공간으로 이루어져 있다. 이곳의 제품들은 직접 디자인하여 다른 곳에서는 볼 수 없는 상상마당만의 특별한 디자인으로 내국인들과 외국인들에게 사랑받고 있다. 최근에는 해외 관광객들의 쇼핑메카지역으로 떠오르면서 기념품으로 구입하기 좋은 작은 연필 명함첩 다이어리 노트 등의 문구류 및 팬시용품들이 인기를 모으고 있다.,11:00-21:00,연중무휴,nan,"['디자인', '상상', '마당', '문화', '공간']",쇼핑,서울
T1 HQ SHOP,서울 강남 선릉로 627 (논현동),37.512511677,127.0428028051,e스포츠를 즐기는 롤 구단 T1 팬들을 위한 공간이자 굿즈 숍이다. 의류 의자 향수 슬리퍼 문구류 등 게임 관련한 품목과 선수들의 얼굴과 캐릭터가 새겨진 다양한 물품들도 판매하고 있다. T1 사옥에 들어서면 전설적인 프로게이머 페이커의 등신대와 피규어가 입구에 있고 역대 롤 관련 대회에서 획득한 우승 트로피가 전시되어 있다. 또한 매장 한편에 선수들이 경기하는 곳처럼 꾸며진 책상과 모니터가 있는 포토존이 있어 인증샷을 남길 수 있다. T1매장은 선수들과 같은 유니폼에 자신의 이름을 새기며 T1을 더욱 가까이에서 즐길 수 있는 곳이다.,12:00-20:00,연중무휴,nan,"['선수', '즐기', '관련', '새기', '매장']",쇼핑,서울
가든파이브라이프(Garden5life),서울 송파 충민로 66,37.4770061292,127.1229354097,가든파이브라이프(Garden5life)는 단순한 쇼핑공간이 아니라 거대한 문화복합단지이다. 쇼핑 문화 오락 휴식 등 원하는 모든 것을 동시에 즐길 수 있으며 패션 생활용품 전자제품 산업 제품 공구 소재까지 필요한 모든 것을 한 번에 만날 수 있는 곳이다. 생산과 판매 도매와 소매가 한 곳에서 이뤄지는 진정한 원스톱 문화쇼핑을 즐거움을 모두 실현하는 가든파이브는 교통이 복잡한 남대문 동대문 상권의 한계를 뛰어넘어 러시아 동남아 남미 등 세계 고객까지 끌어들인다는 비전으로 미래형 문화특구의 청사진을 실현한다.,10:30-21:00,연중무휴,nan,"['문화', '쇼핑', '가든파이브', '제품', '실현']",쇼핑,서울
가락몰,서울 송파 양재대로 932 (가락동),37.49615647,127.1110192841,가락농수산물도매시장 옆 송파대로 변에 현대식 건물로 지어진 쇼핑센터이다. 총 7개 동으로 구성되었으며 판매동 지하 1층은 청과물 지상 1층 수산물 건해물과 축산물을 판매한다. 2층은 마트 형식의 종합상가와 주방용품을 판매하며 3층은 전문식당관으로 운영되고 있다. 테마동 4관은 식품 식자재와 팔도 특산품 홍보매장도 운영한다. 2관에 있는 유기농 전문 마트 (주)다농도 주부들에게는 인기다.,점포별 상이,연중무휴 (점포별 상이),nan,"['판매', '마트', '전문', '운영', '가락']",쇼핑,서울
견지동 불교용품거리,서울 종로 우정국로 55,37.574478386,126.9819927,견지동 불교용품거리는 대한불교 조계종의 총본산인 조계사 입구에서 형성된 후 공평사거리와 인사동 일부까지 30여 개의 불교서적 및 불교용품 전문 판매점이 몰려있는 곳이다. 이곳에서 불교 서적 목탁 염주 승복 불상 향 등의 불교용품을 살 수 있다. 견지동 불교용품거리는 시민들의 자발적인 발굴과 보존을 원칙으로 시민 전문가 등이 제안해 사실 검증과 미래유산보존위원회의 심의를 거친 후 선정된 서울미래유산이다.,가게마다 상이,가게마다 상이,제조자 이름: 입점브랜드:,"['불교', '용품', '견지동', '거리', '서적']",쇼핑,서울
경일문화가게,서울 종로 인사동4길 17,37.5738340983,126.9865478589,경일문화가게는 한국 전통 상품과 대표 상품을 제작하고 판매하는 곳으로 인사동에 위치해 있다. 한국의 멋을 느끼기 위해 인사동을 찾는 시민과 외국인 관광객들에게 기념품을 주로 판매하고 있다. 자개로 만든 명함케이스나 거울대 전통 그림을 넣은 부채 등 한국 전통의 문양과 멋을 느낄 수 있어서 상품이 있어 관광 기념품으로 인기가 많다. 오프라인 매장과 온라인 매장도 갖추고 있어서 매장에서 본 상품을 온라인으로 구매할 수도 있다.,10:00-18:00,매주 일요일,제조자 이름: 입점브랜드:,"['상품', '한국', '전통', '매장', '판매']",쇼핑,서울
고척근린시장,서울 구로 고척로32길 11 3 (고척동),37.5021872007,126.8498040086,전통시장과 현대 시장의 분위기를 동시에 느낄 수 있는 시장이다. 총면적 약 2200㎡로 약 70여 개의 점포가 영업 중인 중소형으로 제로 페이가 대부분 가능하다. 1971년부터 영업을 시작했으며 주변에 고척 근린공원이 있어 찾기 쉽다. 아케이드 지붕으로 날씨에 상관없이 이용이 편리하고 주민들이 찾는 시장을 만들기 위해 프리마켓 독거노인 돕기 등 다양한 행사도 개최하고 있다.,09:00-21:00,매월 셋째 주 화요일 점포 별로 상이함,nan,"['시장', '영업', '전통', '현대', '분위기']",쇼핑,서울
고투몰(강남터미널 지하쇼핑몰),서울 서초 신반포로 지하200 (잠원동),37.5062728353,127.0050675283,고속터미널역 지하에 위치한 쇼핑몰로 강남터미널 쇼핑몰이라고도 불린다. 패션 뷰티 액세서리 등 다양한 상품의 매장들이 입점해 있어 쇼핑의 즐거움을 더한다. 특히 최신 트렌드를 반영한 브랜드와 가성비 좋은 아이템들이 많아 젊은 층에게 인기가 높다. 또한 편리한 교통 접근성 덕분에 많은 관광객과 지역 주민들이 자주 찾는 명소이다.,10:00-22:00,설·추석 당일,nan,"['쇼핑몰', '고속터미널역', '지하', '위치', '강남']",쇼핑,서울
광장시장 한복매장,서울 종로 창경궁로 88 (예지동),37.5702347233,126.9980663554,광장시장의 한복매장은 전통 한복을 전문으로 취급하는 곳이다. 이곳은 다양한 디자인의 한복을 제공하여 고객의 취향에 맞는 선택을 가능하게 한다. 맞춤형 한복부터 트렌디한 생활 한복까지 다양한 디자인과 색상의 한복을 만나볼 수 있다. 품질 좋은 원단과 정성스러운 손길로 완성된 한복을 합리적인 가격에 제공한다. 또한 맞춤 제작 서비스도 있어 고객의 취향에 따라 개성을 담은 한복을 제작할 수 있다. 오랜 전통을 자랑하는 장인들의 기술과 개성이 살아 있는 디자인으로 외국인 관광객과 젊은 세대 모두에게 큰 인기를 끌고 있는 곳이다.,09:00-18:00,연중무휴 점포 별로 상이함,nan,"['한복', '디자인', '전통', '다양', '제공']",쇼핑,서울
구로시장,서울 구로 구로동로22길 17 4 (구로동),37.4896837364,126.8856260957,1962년 경인국도를 따라 구로구에 대규모의 주택들과 구로공단이 형성되면서 시장이 필요해졌고 그에 따라 계획적으로 만들어진 시장이다. 구로시장은 구로구에 있는 재래시장 중 가장 먼저 터를 잡았으며 개장 초기 포목과 한복 의류 가게부터 해서 떡집 참기름 집 먹자골목 등이 형성되었다. 현재에도 구로시장에는 한복집이 많은데 그 이유는 구로공단에서 일했던 여성 노동자들이 명절 귀향길에 한복을 입고 가족 선물로도 한복을 많이 장만해 갔으며 혼수를 이곳에서 구입했기 때문이다. 남대문시장 동대문시장 다음으로 구로시장이란 말이 있을 정도로 이곳의 포목점은 호황을 누렸다. 시장 양 옆으로 포목점과 한복집이 늘어서면서 비단길이라고 불렀다고 한다. 2015년 노후화 시설을 개선하는 현대화 사업을 착수 날씨에도 안전한 아케이드를 설치하고 간판을 정비했다. 구로시장은 중국인 등 외국인이 많이 사는 동네라 여느 전통시장에서와는 다른 식재료들을 판매하는 곳이 많다. 그 외에도 우리의 전통적인 식품 반찬 농산물 수산물 의류 잡화 등 다양한 물건들을 저렴하게 판매하고 있다. 먹거리도 풍부해서 맷돌손두부 진한 팥죽 떡볶이 보리밥과 함께 나오는 칼국수 40년 전통의 엄마손국수공장 등 맛있는 음식을 가성비 있는 가격으로 맛볼 수 있다.,nan,매월 첫째 주 월요일,nan,"['시장', '한복', '구로', '전통', '따르']",쇼핑,서울
그랑핸드 서촌,서울 종로 자하문로4길 14 2,37.5772862325,126.9730406586,2014년 런칭한 국내 향수 브랜드 그랑핸드는 북촌의 작은 한옥에서 시작하여 현재는 서울의 여섯 곳에 크고 작은 오프라인 스토어와 카페 브랜드 ‘콤포타블’까지 전개하며 일상 곳곳에 향기로 자취를 남기고 있다. 적극적으로 브랜드를 전개하면서도 단 한 번도 유가 광고를 하지 않고 7년 동안 온라인 판매를 하지 않은 뚝심은 이제 그랑핸드를 상징하는 브랜드 철학이 되었다. 서촌점은 세 번째 스토어로 경복궁과 각종 미술관 사이에 위치해 다양한 연령대와 국적의 고객들이 모이는 장소이다.,11:30-20:30,연중무휴,nan,"['브랜드', '핸드', '스토어', '전개', '런칭']",쇼핑,서울
그래픽,서울 용산 회나무로39길 33 (이태원동),37.5409852642,126.9936064792,그래픽은 만화를 사랑하는 사람들을 위해 만들어진 곳으로 만화책과 그래픽노블 아트북만을 취급하는 서점이다. 이곳은 더 많은 사람들이 만화를 좋아하고 더 깊이 파고들 수 있게 돕는 것이 목표이다. 고가의 아트북 절판된 만화 등 쉽게 접하기 어려운 책들을 포함 모든 책의 내용을 볼 수 있으며 공항 라운지처럼 편하고 쾌적한 공간으로 구성되어 있다. 그리고 좋은 작품들을 발굴하고 소개함으로써 만화가 소설이나 영화보다 낮은 형태의 예술이 아니라는 것을 많은 사람들에게 공유하고 있다. 그래픽은 만화책과 페어링 될 수 있는 모든 요소들도 갖추고 있다. 대형 빈티지 오디오에서 흘러나오는 엄선된 플레이리스트와 성인들을 위한 맥주 칵테일 위스키 와인 등 다양한 주류 겸비하고 있다. 만화를 좋아하는 사람들에게 그래픽이 행복하고 신나는 곳이 되길 지향한다. 입장권 20 000원 (성인만 출입 가능),13:00-23:00,매주 월요일,: :,"['그래픽', '만화', '사람', '위하', '만화책']",쇼핑,서울
금강제화 명동본점,서울 중 명동8길 30 (명동2가),37.5624659415,126.984681684,금강제화는 제화뿐 아니라 스포츠화 캐주얼슈즈 및 패션 액세서리 등을 생산하는 패션 브랜드로 전국에 많은 대리점을 보유하고 있다. 그중 금강제화 명동본점은 명동거리 중심가에 자리 잡고 있어 외국 관광객들이 많이 방문하는 매장이다. 이 매장의 경우 Regal(리갈) 브랜드의 남성 정장화 여성 정장화 핸드백 지갑 액세서리 등이 인기가 많다. 또한 신발 사이즈가 너무 크거나 작아 제품 구매에 애로사항이 있는 고객들을 위해 빅 앤 스몰 매장이 구비되어 있으며 고객의 별도 주문 제작도 가능하다.,10:30-20:00,연중무휴,제조자 이름: 입점브랜드: 장애인 편의시설:,"['매장', '제화', '패션', '액세서리', '브랜드']",쇼핑,서울
남대문 액세사리상가,서울 중 남대문시장4길 21,37.5591939725,126.9776157542,남대문 시장에는 옷과 수입품 못지않게 단일품목으로 규모가 큰 액세서리 상가가 있다. 퇴계로변 남대문시장 쪽에 연세 상가 영창 장안 원랭땅 남문 렝땅 유성상가 실 로암상가 등이 몰려 있다. 남대문로 시장쪽에 우주상가 삼호마게트가 있다. 이들 상가에서는 약 2천여곳의 악세 사리 전문점이 들어서 있는데 이는 국내에서 가장 큰 규모이다. 한 품목만 전문으로 파는 점포가 많으며 금 은도금 천연소재 플라스틱등 머리핀에서 발 목걸이까지 신체 및 의류 모자 등에 사용되는 모든 종류를 직접 제조판매함에 따 라 국내는 물론 세계시장에도 전문악세사리 상가로 유명하다.,점포별 상이함,점포별 상이함,nan,"['상가', '시장', '남대문', '품목', '규모']",쇼핑,서울
남대문 종합상가,서울 중 남대문시장4길 21 (남창동),37.5592134153,126.9776518607,남대문 상가는 역사가 깊은 상가인만큼 수많은 품목을 자랑하기도 하지만 그보다는 다른 곳에서 구하기 힘든 물품들을 찾아볼 수 있다는 점에서 사람들에게 유명한 곳이다. 남대문 시장과 가까운 위치에 있어 전통적인 재래시장과 현대적인 쇼핑몰의 장점을 동시에 즐길 수 있다. 헤아리기도 힘든 수많은 품목의 상품들을 판매하고 있으며 특히 카메라 부분에서는 쉽사리 구하기 힘든 부품들을 구해볼 수 있고 전국의 각종 특산물들도 찾아볼 수 있다.,점포별 상이함,점포별 상이함,nan,"['구하', '힘들', '남대문', '상가', '수많']",쇼핑,서울
남성사계시장,서울 동작 동작대로29길 47 (사당동),37.4883938957,126.979403703,동작구 사당동의 전통 시장으로 과거 사당동의 명칭이 남성동이었을 때 붙여진 이름이다. 1966년부터 운영을 해오고 있는 곳으로 60년 가까운 역사를 품고 있는 전통시장이다. 시장 뒤편으로 대단지 아파트가 있고 전철역이나 대중교통으로도 접근성이 좋아 연평균 이용객이 5만 명을 넘는 지역 대표 전통시장이다. 관악구 동작구 전 지역과 서초구 일부 지역에 배달 서비스도 실시하고 있다. 입구에서부터 다양한 전과 반찬이 진열돼 있어 후각과 시각을 자극한다. 좁은 골목을 사이에 두고 상권이 길게 이어져 있으며 가게 옆 자투리 공간에는 작은 보따리 상인들이 손님을 맞는다.,09:00-22:00,연중무휴 점포 별로 상이함,nan,"['시장', '전통', '지역', '동작구', '사당']",쇼핑,서울
노량진수산물도매시장,서울 동작 노들로 674,37.5148539488,126.9368207234,노량진수산시장은 1927년에 지금의 서울역 옆 의주로에서 태동하여 90여 년의 긴 역사를 자랑하는 우리나라 내륙지 최대의 수산물 전문 도매시장이다. 1971년 노량진에 도매시장을 신축하였고 2002년 어민 소득증대와 수산업 발전을 도모하는 수협이 시장을 인수하여 노량진수산시장 현대화사업을 진행하면서 유통과 문화가 공존하는 우리나라 대표 수산물 도매시장으로 재탄생하였다. 수도권 거래량의 50%를 점유하는 노량진수산물도매시장은 하루 거래되는 수산물 물량이 약 250~300톤가량이다. 수산물 시세는 그날 들어오는 물량에 따라 값이 결정되기 때문에 홈페이지를 통해 경매시세를 확인하는 것이 좋고 소매시세는 경매시세보다 10~20% 정도 높다. 도매와 소매가 혼재되어 있는 노량진수산시장에서 새벽 1시부터 시작되는 경매는 많은 볼거리를 제공한다. 특히 3시에 진행되는 활어경매는 새벽시장의 활기찬 모습을 엿볼 수 있어 삶의 활력을 불러일으킨다.,01:00-01:30,[경매] 매주 일요일 / 1월 1일 / 설·추석 연휴 [판매(도소매)] 연중무휴,입점브랜드:수협은행 / 새마을금고 / 수협 바다마트 / 수산물소매점 680여 개,"['시장', '수산물', '도매', '시세', '경매']",쇼핑,서울
노룬산골목시장,서울 광진 자양동 816 79,37.5369286806,127.064750115,1970년대에 개설된 광진구에서 가장 역사 깊은 전통시장으로 정비가 잘되어 있는 골목형 시장이다. 건대입구역에서 나와 조금 걸으면 시장이어서 접근성이 좋으며 추억의 떡볶이와 전통 과자 등 다양한 먹거리도 인기다. 영동교 북단 방향으로 좀 더 걸으면 영동교골목시장까지 바로 연결되어 있어 동시에 이용할 수 있다.,점포별 상이,점포별 상이,nan,"['시장', '전통', '골목', '영동', '년대']",쇼핑,서울
노스비치 (North Beach),서울 용산 이태원로 171,37.5346221062,126.9931372569,1987년 이태원 매장 개점 후 가죽 브랜드로써는 처음으로 백화점 매장을 오픈했을 정도로 꾸준히 관심받고 있는 매장이다. 이미 여러 차례 외국인 전용매장으로 잡지나 방송매체에서 소개되었으며 이태원의 대표적인 가죽 상품 매장으로 손꼽히고 있다. 특히 여성 가죽 모피 제품이 각광받고 있다.,24시간,1층 여성 전용 가죽제품 2층 남성 의류,nan,"['매장', '가죽', '이태원', '개점', '브랜드']",쇼핑,서울
누죤패션몰,서울 중 을지로45길 62,37.5669492622,127.0130011984,패션의 메카 동대문에 위치한 누죤패션몰은 고객과 상인을 우선시하는 서비스정신을 바탕으로 여성의류부터 남성의류 구두 가방 패션잡화 등 다양한 품목을 취급하고 있다. 늘 앞서가는 유행을 선보이며 전국 각지의 의류사업자 온라인 쇼핑몰 운영자 패션업계 종사자 연예인 일반 고객 등 많은 사람들이 방문하고 있으며 최근에는 외국인 관광객들이 많이 찾는 곳이기도 하다. 또한 넓은 주차시설을 보유하고 있어 쇼핑에 어려움이 없으며 정기적으로 이벤트와 행사가 진행되어 찾는 즐거움을 더한다.,20:00-06:00,매주 금요일 06:00~일요일 20:00 / 설·추석 연휴,구입방법안내:직접 방문 구입 가능,"['의류', '패션', '고객', '메카', '동대문']",쇼핑,서울
눈스퀘어,서울 중 명동길 14 (명동2가),37.5634685712,126.98291515,다양한 국·내외 패션 F&B 라이프스타일과 엔터테인먼트가 하나로 어우러진 공간으로 명동을 상징하는 새로운 아이콘이다. ‘눈(snow)’과 같이 희고 아름다운 결정체를 가지고 있는 쇼핑몰의 외관을 의미하는 것으로 인테리어 또한 한국 최초로 외부 에스컬레이터를 설치해 편리하게 구성하였다. 눈스퀘어에는 다양한 국내·외 브랜드들이 즐비해 있다. 이외에도 다양한 먹을거리와 CGV 영화관 등의 문화공간이 함께 마련되어 있어 패셔니스트들의 흥미를 더할 것이다.,11:00-22:00,연중무휴,제조자 이름: 입점브랜드:나이키 / 자라 / 에이랜드 / 에비수 / CHARLES & KEITH / 핸드메이드 리퍼블릭,"['공간', '다양', '내외', '패션', '라이프스타일']",쇼핑,서울
대신시장,서울 영등포 도신로60길 7 (신길동),37.5111234834,126.9176003574,서울특별시 영등포구 신길동에 위치한 재래시장이다. 1965년 개장하여 60년 가까운 역사를 지닌 상가형 시장이다. 신길동은 여의도와 샛강을 경계로 마주 보고 있는 곳으로 예전엔 서울로 들어오는 방학호진 나루터가 있을 만큼 교통의 요지였다고 한다. 그러다 보니 사람과 물건이 모여들었고 자연스럽게 시장이 생겨났다. 지금은 인근에 아파트 단지와 주택가들이 많이 밀집해 있어 이용객들이 많으며 정감 넘치고 인심 넘치는 재래시장으로 제 역할을 해내고 있다.,점포 별로 상이함,점포 별로 상이함,nan,"['신길동', '재래시장', '시장', '넘치', '서울특별시']",쇼핑,서울
더블유피엠,서울 중 소공로 58 회현지하도상가 다 32호,37.5604550174,126.9820764229,세월을 수집하는 더블유피엠은 기념우표 화폐 그리고 특정 브랜드의 한정판 모델까지 옛날 물건을 만나며 시간 여행을 떠날 수 있다. 또한 수집품 판매뿐만 아니라 수집을 취미로 하는 다양한 사람들을 만날 수 있다. 물건에 담긴 추억을 수집하고 싶다면 회현 지하도 상가로 떠나보자.,nan,nan,nan,"['수집', '물건', '만나', '떠나', '세월']",쇼핑,서울
더현대 서울,서울 영등포 여의대로 108 (여의도동),37.5271495732,126.9273156868,글로벌 트렌드 K 콘텐츠의 핵심 서울 그 중심에 초현대적인 플래그십 스토어 더현대 서울이 있다. 더현대 서울은 미래를 향한 울림이라는 슬로건 아래 더 행복한 내일을 위한 비전과 새로운 삶의 기준을 제시한다. 혁신적 공간 설계 세계적 콘텐츠 큐레이션 그리고 미래형 테크놀로지까지 더현대 서울은 서울 최대 규모의 뉴 글로벌 랜드마크이다. 새로운 소재와의 만남 면과 선의 균형 그리고 빛으로 가득 채우는 혁신적인 내부 설계를 자랑한다. 더현대 서울에서는 세계적인 인테리어&건축 디자인의 흐름을 단숨에 볼 수 있다. 내부에 들어서는 순간 사운즈 포레스트와 워터폴 가든을 만나게 된다. 미래를 바라보고 설계한 하이테크 건축물에서 만나는 뜻밖의 자연은 놀라울 정도로 아름답다. 약 1 000평의 대규모 실내 정원과 천연 잔디 20여 m의 높은 유리 천장에서 들어차는 자연 채광은 숲의 울림을 그대로 전하고 있다. 예술은 말하지 않아도 느낄 수 있고 공감할 수 있는 가장 큰 범주의 언어이다. 180평 규모의 입체적인 전시는 들어서는 순간 압도적으로 영감을 자극한다. 나은 삶의 영감과 문화를 위한 소통이 이곳에서 시작된다. Unite & Shine STUDIO SWINE 자연에서 온 메시지를 담은 디자인과 이를 즐기고 느끼는 관객으로 완성되는 Studio Swine의 아트워크가 Exclusive Label (1F) 플로어에서 하이엔드 브랜드와 만난다.,10:30-20:00,홈페이지 확인,nan,"['서울', '현대', '미래', '설계', '규모']",쇼핑,서울
덕분애,서울 서초 효령로 276 (서초동) 203호,37.4844366508,127.0144700672,서울 강남에 자리한 제로웨이스트 리필스테이션으로 ‘최초로 발생하는 플라스틱을 줄여보자’는 생각에서 출발했다고 한다. 덕분애에서 리필 가능한 제품은 주방세제부터 바디워시 세탁세제까지 다양하다. 리필 구매를 위해선 미리 용기를 준비해야 한다. 저울에 준비한 용기를 올려 무게를 잰 후 필요한 만큼 적정량을 담고 다시 무게를 재면 끝. 이렇게 구매하는 리필제품은 불필요한 플라스틱 용기와 포장 비닐을 사용하지 않을뿐더러 가격도 저렴해서 환경과 경제를 모두 챙기는 현명한 소비다. 욕실용품 중 소모품인 칫솔과 치약을 대나무 칫솔이나 고체 치약으로 대체해 사용하는 등 일상에서 제로웨이스트의 삶을 비교적 쉽게 시작할 방법도 추천해 준다.,11:00-20:00,매주 일요일 / 설·추석 연휴 / 법정 공휴일,nan,"['리필', '용기', '플라스틱', '제품', '세제']",쇼핑,서울
독립문영천시장,서울 서대문 통일로 189 1 (영천동),37.5703923889,126.9618752046,1960년대 서대문구 독립문 인근에 형성된 영천시장은 과거 서울을 대표하는 떡 도매시장으로 유명했던 50년 넘는 역사를 지닌 전통시장이다. 주택가 인근에 있어 인근 주민들이 애용하는 서울의 대표적인 골목형 전통시장으로 서울시는 서대문구 영천시장길 38일대를 2021년 '7월의 미래유산'으로 선정했다. 약 198개의 점포가 운영 중인 대규모 전통시장으로 점포의 40%가 떡볶이와 꽈배기 등 다양한 먹거리를 판매하고 있는 것으로 유명하다.,07:00-21:00,연중무휴 (점포별 상이),nan,"['시장', '인근', '전통', '서대문구', '영천시장']",쇼핑,서울
동아완구,서울 종로 종로52길 5 (창신동),37.5719181289,127.0129788379,창신동 완구거리에 자리 잡고 있는 동아완구는 완구 봉제 인형 각종 캐릭터 제품을 판매하고 있는 전문 완구매장이다. 넓은 매장 규모와 다양한 종류의 완구를 배치하고 있어 아이들에게 인기가 높다. 가지각색의 완구들과 영유아들을 위한 완구까지 다양한 종류의 제품들이 판매되고 있다. 다양한 완구들을 정상가격보다 저렴한 가격에 판매하고 있다는 것이 큰 장점이다. 동대문역 1호선 4번 출구 입구에 자리하고 있어 접근성이 좋다.,09:00-18:00,연중무휴,: 강습안내:,"['완구', '판매', '다양', '자리', '제품']",쇼핑,서울
두타몰,서울 중 장충단로 275,37.5688767395,127.0087681967,두타몰은 서울 중구에 위치한 대형 쇼핑몰이다. 다양한 브랜드의 패션 뷰티 라이프스타일 제품을 한곳에서 만날 수 있는 복합 쇼핑 공간이다. 다양한 국내 디자이너 브랜드와 트렌디한 패션 아이템을 한곳에서 만나볼 수 있다. 특히 젊은 층을 겨냥한 트렌디한 매장이 많아 쇼핑의 즐거움을 더한다. 또한 다양한 음식점과 카페가 있어 쇼핑 중간에 휴식을 취하기에도 적합하다. 쇼핑과 문화 여가를 동시에 즐길 수 있는 공간이다.,10:30-00:00,연중무휴,nan,"['쇼핑', '다양', '브랜드', '패션', '만나']",쇼핑,서울
디아프바인,서울 강남 언주로172길 15,37.5278375378,127.0351669551,2002년 가을에 디자이너 김승래에 의해 설립되었으며 당시 스트리트 씬의 미개척지였던 국내에서 최초로 론칭된 브랜드이다. 현재에 이르기까지 미국 유럽 일본에서 생산되는 품질 좋은 원단 및 각종 부자재등을 과감히 도입하며 품질향상을 위해 끊임없이 노력하는 도전 정신과 퀄리티로 인정받으며 국내신을 리드해 가고 있다. 특히 국내 레더재킷 장르에서는 전문성과 다양성으로 타의 추종을 불허하며 월드와이드 전개를 목표로 다가오는 또 다른 10년을 위해 나아가고 있다.,16:00-19:30,매주 일요일,입점브랜드:자사 브랜드,"['국내', '품질', '위하', '가을', '디자이너']",쇼핑,서울
뚝도시장,서울 성동 성수이로 32 15 (성수동2가),37.5378533948,127.0548426575,지형 삼면이 강으로 둘러싸여 있어 마치 섬 모양과 같다고 하여 뚝섬 또는 한자음으로 뚝도라고 불려졌다고 한다. 뚝도시장은 조선시대 때부터 강원도의 물건을 들여오는 길목에 위치해 있어서 남대문시장 동대문시장과 더불어 서울 3대 시장 중 하나였다고 한다. 현재의 모습을 갖춘 것은 1962년부터이다. 뚝도시장은 성동구 성수동에 위치한 전통재래시장으로서 최근 성수역을 중심으로 한 상권발달과 유동인구의 증가로 청년들의 먹거리 시장으로 떠올랐다. 또한 2016년부터 2018년까지 2년간 추진해 온 중기부 ‘청년상인 창업지원사업’ ‘2019년 청년몰 활성화 및 확장지원사업’ 부문에 선정되어 관심을 받는 곳이기도 하다.,09:00-23:00,연중무휴 점포 별로 상이함,nan,"['시장', '청년', '위치', '지원', '사업']",쇼핑,서울
롯데면세점 본점,서울 중 을지로 30 (소공동),37.5654016461,126.981045821,서울 중심부에 위치해 있는 롯데면세점 본점은 다양한 브랜드 및 다양한 상품을 보유하고 있는 쇼핑의 중심지이다. 롯데백화점 본점9층 10층 11층에 위치해 있으며 LOUIS VUITTON CHANEL HERMES CARTIER TIFFANY PRADA GUCCI BOTTEGA VENETA PRADA 등 최고 명품 브랜드들이 입점해 있다.,09:30-20:00,연중무휴,nan,"['위치', '본점', '다양', '브랜드', '서울']",쇼핑,서울
롯데백화점 건대스타시티점,서울 광진 능동로 92 롯데백화점,37.5390535504,127.0712300203,매일 새로움과 즐거운 경험을 제공하는 롯데백화점 건대스타시티점은 즐길 거리가 가득한 힙플레이스이다. 지하 1층 교보문고 5층 캉골 디스커버리 7층 나이키 8층 유니클로 9층 한샘리하우스 등 다양한 브랜드를 만나볼 수 있다. 그리고 식당도 많이 자리하고 있어 데이트 장소로도 안성맞춤인 곳이다.,10:30-20:00,1월 1일 / 설·추석 연휴 / 월 1회 비정기 휴무,nan,"['새롭', '즐겁', '경험', '제공', '롯데백화점']",쇼핑,서울
롯데백화점 김포공항점,서울 강서 하늘길 38 (방화동),19.69442748,117.9925662504,매일 새로움과 즐거운 경험을 제공하는 롯데백화점 김포공항점이다. 김포공항역과 연결되어 있으며 롯데마트 롯데시네마 롯데하이마트 롯데호텔 등과 함께 위치해 있다. 다양한 F&B와 함께 편히 주차를 이용할 수 있다.,10:30-20:00,홈페이지 참조,nan,"['새롭', '즐겁', '경험', '제공', '롯데백화점']",쇼핑,서울
롯데백화점 본점,서울 중 남대문로 81,37.5647822864,126.9817485525,,10:30-20:00,명절,nan,[],쇼핑,서울
롯데월드 쇼핑몰,서울 송파 올림픽로 300 (신천동),37.5141653654,127.1040749597,쇼핑몰이 위치한 단지 내에 세계최대의 실내주제공원인 롯데월드 어드벤처 및 우리 민족의 문화와 민속을 쉽게 접할 수 있는 민속박물관 그리고 연중무휴로 연인과 가족이 함께 스케이트를 즐길 수 있는 아이스링크 및 실내수영장 볼링장 스포츠센터 등이 있다. 또한 백화점과 롯데마트도 같이 있어 문화와 쇼핑 여가생활을 동시에 즐길 수 있는 명소이다.,10:30-20:00,연중무휴,nan,"['실내', '문화', '민속', '즐기', '쇼핑몰']",쇼핑,서울
맥스타일 (maxtyle),서울 중 마장로 3,37.5688045577,127.0105235943,맥스타일(maxtyle)은 과거 흥인·덕운 시장을 리모델링한 지하 7층 지상 8층 규모의 전문 패션몰이다. maxtyle은 ‘maximum style’의 줄임말로써 고객에게 최대의 패션 만족과 가치를 제공하고 패션과 문화를 창조하며 선도하는 감성 문화의 리더가 되는 복합적 문화공간을 의미한다. 청계천과 동대문디자인플라자&파크(DDP) 동대문 도매·소매시장이 교차하는 패션의 메카 동대문에 위치하고 있으며 총 10개 층의 판매시설은 의류 및 패션잡화 생활용품 등 각 층마다 각기 다른 콘셉트를 가진 10개의 쇼핑몰로 구성되어 있다. 주변에는 서울시의 랜드마크인 동대문디자인플라자&파크(DDP)와 청계천 등 휴식 역사 문화 쇼핑공간이 한데 어우러져 있다.,점포별 상이,점포별 상이,nan,"['패션', '문화', '시장', '공간', '청계천']",쇼핑,서울
메종쥬 성수 부티끄,서울 성동 서울숲4길 28 14,37.5467688264,127.0437545254,메종쥬 성수 부티끄의 향기는 기존 틀을 유연하게 해석한 트렌디 하면서도 탁월한 품질을 갖추고 있다. 생동감 넘치는 디자인에 다채로운 컬러를 입힌 빈티지 팝아트 감성을 엿볼 수 있으며 새로운 세대의 대표적인 프랑스 마스터 조향사와의 창의적인 콜라보 제품들을 만나볼 수 있다. 메종쥬는 흔히 경험할 수 없는 독특한 향수를 찾는 사람들을 위해 디자인되었다. 다양한 보틀 사이즈의 향수가 준비되어 있어 용도에 따라 구매 및 시향이 가능하다.,10:30-17:30,매주 일요일,입점브랜드:메종쥬 퍼퓸,"['디자인', '향수', '메종쥬', '성수', '부티끄']",쇼핑,서울
모이라이 (moirai),서울 서대문 이화여대길 52 33,37.5594600212,126.9448520663,모이라이 (moirai)는 정장 안에 받쳐 입거나 시크니 진 또는 레깅스와 매치해서 입는 레이스 의상이 대표 상품이다. 레이스를 좋아하는 일본인 관광객에 인기가 많으며 구매 상품에 대하여 무기한 A/S를 한다는 것이 특징이다. 직접 디자인하여 독특한 제품을 구매 가능하며 의상과 어울리는 액세서리 또한 코디 서비스를 받을 수 있다.,12:00-22:00,연중무휴,구입방법안내:직접 방문 구입 가능,"['레이스', '의상', '상품', '구매', '정장']",쇼핑,서울
문정동로데오거리,서울 송파 동남로4길 10,37.4889436498,127.1238710967,문정동로데오거리는 올림픽훼밀리타운 사거리에서부터 문정근린공원까지 총거리 995m에 이르는 길로 200여 개의 브랜드 상설 할인 매장이 밀집해 있는 쇼핑거리이다. 문정동 거리는 한국의 대표적인 할인 매장 1번지로 중앙도로를 중심으로 양옆으로 스포츠 캐주얼 신발에서부터 남녀 정장 골프웨어를 파는 상점이 자리 잡고 있어 다양한 연령대의 소비자가 방문하며 외국에서도 유명한 브랜드 상점이 많기 때문에 국내 관광객뿐만 아니라 외국인 관광객도 찾는 코스가 되었다. 쇼핑 편의를 위해 공영주차장과 외국인 관광객 전용 주차장이 설치되어 있어 쇼핑하기에 용이하다.,상점마다 다름,상점마다 상이,nan,"['거리', '쇼핑', '관광객', '문정동', '브랜드']",쇼핑,서울
밀리오레 동대문점,서울 중 장충단로 263,37.5679629533,127.0085265783,밀리오레 동대문점은 한 공간에서 모든 것을 해결할 수 있는 원스톱 쇼핑 공간이다. 동대문은 종로5가역부터 동대문 지하철역까지 전통시장이 형성되어 있다. 최근에는 시장이 현대화되면서 프레야타운 두산타워 밀리오레 등 대형 패션몰들이 생겨났다. 동대문 밀리오레는 시장의 장점인 패션의류와 다양한 제품 저렴한 가격과 깨끗하고 백화점의 장점인 현대적인 건물 다양한 편의시설을 갖춘 패션몰이다. 지하 2층부터 지상 9층까지 수입명품 아동복 임부복 여성복 남성복 패션잡화 전통공예 기념품 한복 구두 등 모든 패션 아이템이 모여있다. 9층에는 식당가도 있어서 먹을거리 볼거리가 가득한 곳이다. 수도권 지하철 2 4 5호선 동대문역사문화공원역 14번 출구에서 도보 5분 거리에 있다. 청계천과 동대문(흥인지문)이 접해 있어서 국내외 관광객들이 많이 찾는다.,10:30-02:00,월요일 / 명절은 별도 공지,nan,"['동대문', '밀리오레', '시장', '패션', '공간']",쇼핑,서울
밀리오레 명동점,"서울 중 퇴계로 115 (충무로1가) 1,",37.5611022086,126.984540069,한국 대표 관광지 명동에 위치한 쇼핑몰 밀리오레 명동점은 2024년 8월에 리모델링 후 재오픈하였다. 명동역 6번 출구 바로 앞에 위치해 있다. 1층과 2층은 쇼핑몰이고 3층부터 17층은 호텔로 운영 중이다. 한 곳에서 쇼핑과 숙박이 모두 가능한 복합문화공간이다. 밀리오레 쇼핑몰 명동점 1층에는 뷰티&라이프스타일 브랜드인 올리브영과 글로벌 스파 브랜드인 지오다노가 입점해 있다. 2층에는 개인 맞춤형 패션 플랫폼 트렌드 편집샵 브랜드 폴더와 로맨틱 라이프스타일 20~30대 여성 영캐주얼 브랜드 로엠 영패션 피플들을 위한 모던 컨템퍼러리 브랜드 드로우핏 유니크한 펑크스타일의 셀럽들의 워너비 브랜드 인스턴트펑크가 입점해 있다. 또한 인기 아이돌의 최신 앨범 콘서트용 라이트 스틱 희귀 포토카드와 잡지를 구매할 수 있는 K POP의 모든 것 올댓케이팝도 있다. 이외에도 카페 등도 있어 쇼핑을 하다가 쉬어갈 수 있다.,매장 별로 상이,연중무휴,입점브랜드:올리브영 / 지오다노 / 폴더 / 로엠 / 인스턴트펑크 / 신디 / 올댓케이팝 / 드로우핏 / 맷차 카페,"['브랜드', '명동', '쇼핑몰', '위치', '밀리오레']",쇼핑,서울
바니스튜디오 안경 명동역점,서울 중 명동8가길 21 (충무로2가),37.5619326982,126.9862787758,바니스튜디오는 젊은 세대에게 적합한 새로운 브랜드로 고품질의 안경과 컬러 콘택트렌즈를 보유하고 있다. 바니스튜디오의 안경원들은 영어 중국어 일본어를 구사할 수 있어 통역할 수 있는 직원이 상주한다. 바니스튜디오와 렌즈타운의 컬래버레이션은 매우 인기 있는 컬러 콘택트렌즈이다. 500가지 이상의 콘택트렌즈를 보유하고 있다. 서울 시내 호텔까지 배송도 가능하다. 또한 외국인이 세금 환급 혜택을 더 많이 받을 수 있다. 바니스튜디오에서는 15분 안에 처방 안경을 만들 수 있다. 또한 무료 커피와 스낵을 제공하는 대기 라운지 바도 있다.,10:30-22:30,연중무휴,: 입점브랜드:페이크미 / 클릭클락 / 레쉬 / 듀세 / 프리키버니 / 렌즈타운 등,"['바니', '스튜디오', '콘택트렌즈', '안경', '컬러']",쇼핑,서울
방이시장,서울 송파 백제고분로48길 41 (방이동),37.5104077116,127.1175821709,방이시장은 1980년대 말부터 형성된 골목형 종합시장이다. 의류 채소 생선 과일 잡화 등을 취급하는 240여 개 점포가 형성되어 있으며 상인의 70%가 동네 터줏대감들이다. 시대의 흐름에 발맞춰 친절하고 청결한 시장으로 거듭나면서 방이시장은 외국인들의 관광 필수 코스로 자리 잡았다.,nan,nan,제조자 이름: 입점브랜드:,"['시장', '형성', '년대', '골목', '종합']",쇼핑,서울
부르뎅 아동복 (Burdeng),서울 중 남대문시장8길 14,37.5599161253,126.9784156601,부르뎅 아동복 상가는 각종 성인의류 잡화 매장과 아동용품 전문매장으로 그중 아동용품전문상가로 유명하다. 우리나라 전국의 거의 모든 아동용품의 유통지이고 지방 소매상들의 새벽시장이다. 부르뎅 아동복은 아이들의 성장과 변화에 맞춰 다양한 사이즈와 스타일을 제공하며 다양하고 좋은 품질의 아동용품을 구입할 수 있는 곳이다. 유아용품부터 아동용품까지 각종 종류의 용품들을 도매 또는 소매로 구입할 수 있다.,09:30-17:00,주간 매주 일요일 야간 매주 금요일~토요일,nan,"['용품', '아동', '부르뎅', '아동복', '상가']",쇼핑,서울
서울 광희시장,서울 중 마장로1길 21,37.5686851518,127.0119012497,서울 광희시장은 서울특별시 중구에 위치한 전통 재래시장으로 다양한 생활용품과 먹거리를 제공하는 곳이다. 생산자와 소비자를 직접 연결하는 유통시스템의 도입으로 최신유행의 제품을 저렴한 가격에 소비자에게 공급하는 도시에 소비자의 요구를 만족시켜 준다. 국내에서 제작한 의류부터 수입의류. 각종 부자재 완제품까지 모든 최고의 상품을 저렴한 가격으로 서비스하고 있다.,점포별 상이함,점포별 상이함,nan,"['소비자', '저렴하', '가격', '의류', '서울']",쇼핑,서울
서울 약령시장,서울 동대문 약령중앙로 10,37.5791427223,127.0370431067,약령시(藥令市)는 원래 조선 효종 때 귀한 한약재의 수집을 위해 주요 약재 생산지에 관찰사를 상주시키고 왕명으로 만든 약재상 집결지이다. 그 당시에는 약재의 채취 수확 시기에 맞추어 춘령시와 추령시로 1년에 두 번 열리는 계절장이었다. 현재는 서울약령시 이외에도 대구 제천 등 전국에 여러 약령시가 있지만 서울약령시가 규모나 역사로 볼 때 가장 큰 시장이다. 현대적인 서울약령시의 역사는 1960년대 중반으로 거슬러 올라간다. 서울 동부 도심권의 교통 요충지인 청량리역과 마장동 시외버스터미널을 중심으로 한약 상인들이 하나둘 모여들면서 구성되었다. 한국전쟁 이후 경기도와 강원도 일대의 농민들이 생산하거나 채취해 온 농산물과 채소 및 임산물들이 옛 성동역(城東驛 현 한솔동의보감)과 청량리역을 통해 몰려들어 그 반입과 판매를 위해 인근 논을 매립한 공터에서 장사를 벌이기 시작하면서부터 자연히 시장이 형성된 것이 서울약령시의 시초이다. 1960년 6월 공설시장 개설 허가를 받은 후 서울 시내에서 모든 농산물을 골고루 갖춘 가장 싸게 파는 시장으로 자리를 잡았으며 특히 한약재의 주산지인 강원도 등과 철도 및 도로로 편리하게 연결되면서 급속히 발전하여 1960년대 후반에는 한약재 등의 특종 물품을 취급하는 전문시장으로 변모하게 되었다. 지금과 같은 규모와 상품 구색을 갖추게 된 것은 1970년대이다. 종로 4가와 종로 5가에 모여 있던 전통적인 토박이 약재상들이 이곳으로 이사 오면서 서울약령시가 약재 집산지 역할을 담당하게 되었다. 1970년대부터는 전국적으로 명성이 알려지면서 시장은 급격히 확대되었고 1980년 8월에는 시장 근대화 사업을 촉진시켜 근대 시장으로서의 면모를 갖추게 되었다. 1983년부터는 인삼과 꿀까지 취급하면서 서울에서 소비되는 인삼과 꿀의 약 4분의 3 전국 한약재의 약 3분의 2가 서울약령시를 통해 유통되고 있다. 이러한 변천 과정을 거쳐 서울약령시는 전국에서 가장 큰 한약재 시장으로 자리를 잡았을 뿐만 아니라 세계적인 약재시장으로 커나가고 있다. 그래서 중국과 대만 홍콩 일본 뉴질랜드 같은 나라들과 활발한 수출입 활동을 벌이고 있다. 서울약령시장이 ‘서울약령시’라는 정식 명칭을 부여받은 것은 1995년 6월이었다. ‘서울약령시(전통한약시장지역)’로 지정된 이후 한약과 관련된 다양하고 새로운 시설과 제도들을 마련하고 운영하고 있다.,09:00-18:00,점포별 상이함,nan,"['서울', '시장', '약재', '한약재', '전국']",쇼핑,서울
서울 중부시장,서울 중 을지로36길 35,37.5651409407,127.0019383691,서울 중부시장은 서울특별시 중구에 위치한 전통적인 재래시장으로 다양한 상품과 먹거리를 제공하는 곳이다. 중부시장은 다양한 음식 의류 생필품 등을 판매하는 상점들이 밀집해 있어 쇼핑과 먹거리를 동시에 즐길 수 있는 명소로 유명하다. 이곳은 특히 김 미역 조기 멸치 오징어 북어 쥐포 등 마른반찬 재료로 쓰이는 건어물들을 저렴한 가격에 살 수 있다. 또한 시장 내에서는 지역 주민들과의 소통과 활기찬 분위기를 느낄 수 있어 서울의 옛 정취를 경험할 수 있는 특별한 장소이다.,점포별 상이함,점포별 상이함,nan,"['서울', '중부시장', '다양', '먹거리', '서울특별시']",쇼핑,서울
서울공예사,서울 종로 인사동길 27 1,37.5731758308,126.9859645973,,10:00-20:00,명절,nan,[],쇼핑,서울
서울풍물시장,서울 동대문 천호대로4길 21 (신설동),37.5727654781,127.0255193372,서울풍물시장은 원래 청계천이 복원되기 전 황학동을 중심으로 우리나라를 대표하는 벼룩시장 또는 만물시장이라는 이름으로 운영을 하고 있었다. 전국 각지에서 수집된 오래된 물건이나 상품을 판매하는 점포와 거리로 황학동 벼룩시장이 형성되었다. 청계천 복원 사업과 함께 황학동과 청계천변 노점 상태로 운영 중이던 황학동 벼룩시장은 (구) 동대문운동장 내 동대문 풍물벼룩시장으로 이전하여 영업을 해왔다. 그러던 중 (구) 동대문운동장 공원화 선행사업으로 관광산업과 연계한 우리나라를 대표하는 풍물시장 개발을 위해 청계천과 인접한 청계 8가 숭인여중 자리에 세계적인 풍물시장을 목표로 새로운 쇼핑의 명소가 될 서울풍물시장(Seoul Folk Flea Market)을 개장하였다. 서울풍물시장은 골동품 근현대사 상품 우리 고유의 옛것에부터 생활잡화 가방 구제의류까지 구매할 수 있는 다양한 상품을 판매하고 있다. 또한 전통생활용품 전시장등 다양한 볼거리 먹거리 즐길거리가 한 공간에 함께 있어 특색 있는 시장이다. 특히 지난 2015년도에는 ‘서울시 미래유산’으로 선정되었다.,10:00-19:00,매주 화요일,제조자 이름: 입점브랜드:,"['청계천', '황학동', '벼룩시장', '시장', '서울풍물시장']",쇼핑,서울
서촌나들이,서울 종로 자하문로 13,37.5772389972,126.9720046434,서촌나들이는 1970년대부터 경복궁 서촌 제1호 한복전문점으로 지금까지 우리 옷의 아름다움을 전해오고 있다. 단아하고 세련된 전통한복과 모던하고 화려한 스타일의 스페셜한복 등 다양한 색감과 디자인의 한복을 대여할 수 있다. 한복체험은 불가하고 졸업사진 돌잔치 등 행사를 위한 대여가 가능하다.,09:30-19:00,연중무휴,nan,"['한복', '서촌', '대여', '나들이', '년대']",쇼핑,서울
세브도르,서울 강남 언주로 431,37.478954545,127.0474283341,서울에서 술만 전문으로 파는 전문점이 생겨 손님을 맞기 시작한 때가 1990년 9월이다. 세브도르는 이제 애주가들 사이에 꽤 알려진 곳이다. 이곳에는 국내 업체에서 생산하는 민속주 소주 맥주 와인 양주 등은 물론 동·서유럽 각국과 미국 일본 중국 대만 소련 등지의 와인 위스키 코냑 진 보드카 등 모두 1 000여 종 이상의 진귀한 술이 전시 및 판매되고 있다. 이곳에서는 정찰제를 실시한다. 이곳의 정찰가격은 시중 소매점이나 백화점에 비해 싼 편이다. 세일은 보통 추석이나 설 등 성수기가 지난 후에 실시하는데 성수기라도 단체로 구입하는 경우에는 정찰가격보다 싸게 살 수 있다.,09:00-24:00,연중무휴,nan,"['정찰', '와인', '실시', '가격', '성수기']",쇼핑,서울
센트럴시티,서울 서초 신반포로 176 (반포동),37.505372917,127.0038037796,센트럴시티는 서울시 강남구 반포동에 위치해 있다. 신세계 백화점 메리어트 호텔을 비롯하여 휴식공간인 센트럴파크가 자리하고 있고 예식장과 대형 행사를 치를 수 있는 밀레니엄 홀과 은행 병원 증권 우체국 등의 편의시설 및 대형주차 공간도 갖추어져 있어 복합문화시설로 한국의 건축 문화를 한 차원 높이는 수준의 복합 건물로 평가되고 있다. 또한 센트럴시티 안에는 고품격 명품 쇼핑몰 마르퀴스 플라자 다양한 장르의 음반을 취급하는 신나라 레코드 초대형 문고센터 영풍문고 세계적으로 대 유행인 선진국형 멀티플렉스 센트럴 6 시네마와 시뮬레이션을 비롯한 첨단 오락시설을 갖춘 도심형 테마파크 등이 자리 잡고 있다.,매장에 따라 다름,매장에 따라 다름,nan,"['대형', '시설', '센트럴시티', '공간', '자리']",쇼핑,서울
손뜨개 디자인 스튜디오 단주,서울 종로 삼청로 65 4 (팔판동),37.5817330786,126.9809120374,손뜨개 디자인 스튜디오 ‘단주’는 니트 디자이너의 창작 디자인 키트와 여러 나라로부터 수입한 손뜨개실을 판매하는 핸드니팅디자인스튜디오이다. 각종 크래프트소품과 자체제작 뜨개도구 특별한 손뜨개 부자재들을 판매하고 있다. 손뜨개 디자이너들의 독창적인 작품들도 전시 판매하고 있다. 1층 매장에서 구매한 재료들로 2층 니트카페에서 따뜻한 차와 함께 영어로 손뜨개 수업 1회 체험도 가능하다.,10:00-19:00,연중무휴,nan,"['손뜨개', '디자인', '판매', '스튜디오', '니트']",쇼핑,서울
숭인시장,서울 강북 도봉로 45 (미아동),37.6131858511,127.0294761615,미아삼거리에 위치한 40년 전통의 재래시장으로 지하철역과도 가까워서 접근성이 좋은 시장이다. 떡볶이가 맛있는 시장으로도 유명하다. 떡볶이 외에도 각종 먹거리 곡물 채소 과일 가공식품 각종 생필품을 취급 판매하고 있다. 주차는 숭인 주차장을 이용하면 된다.,점포별 상이,"매월 첫째 주, 셋째 주 일요일",입점브랜드:abc마트 자주(JAJU),"['시장', '떡볶이', '각종', '미아', '삼거리']",쇼핑,서울
스타필드 코엑스몰,서울 강남 영동대로 513 (삼성동),37.5119175967,127.059217995,트렌드와 문화의 흐름을 이끄는 도시의 매력 스타필드 코엑스몰이 서울의 중심에서 새로운 삶을 이야기한다. 동시대 패션과 미식 문화와 엔터테인먼트까지 도시의 감성이 깃든 다양한 선택지를 제공한다. 뷰티 패션 라이프스타일 등 320여 개 매장을 둘러보는 것만으로도 트렌드를 읽을 수 있고 100여 곳의 레스토랑과 카페에서 눈과 입이 동시에 즐거워지는 경험을 할 수 있다. 스타필드 코엑스몰 중심에 자리 잡은 ‘별마당 도서관’은 독서와 사색은 물론 문학과 예술 분야 명사와 소통하고 공감하는 문화공간이다.,10:00-22:00,연중무휴,입점브랜드:자라 / 유니클로 / H&M / 자주 / 까사미아 등,"['문화', '트렌드', '도시', '스타', '필드']",쇼핑,서울
스페이스 도산,서울 강남 압구정로46길 38 (신사동),37.5262099619,127.0358919354,스페이스 도산은 에이피알이 서울 강남구 신사동에 오픈한 체험형 플래그십 스토어이다. ‘미지의 행성들을 탐사하는 우주정거장’이라는 콘셉트로 설계되어 우주 공간에서 에이피알의 여러 브랜드를 체험할 수 있도록 기획되었다. 우주정거장을 연상시키는 에어로크 연출과 LED 벽면을 통해 우주 분위기를 조성했으며 각 층마다 브랜드의 개성과 특징을 행성으로 표현했다. 지하 1층에는 널디 매장 1 2층은 포토존 3층은 메디큐브 4층은 포맨트 5층은 루프탑 카페로 구성되어 있다. 이 공간은 단순한 오프라인 매장을 넘어 에이피알 브랜드의 메시지를 전달하는 체험형 콘텐츠 공간으로 기획되었다.,11:00-20:00,연중무휴 공식인스타그램을 통해 별도 공지,입점브랜드:널디 / 메디큐브 / 포맨트,"['에이', '체험', '공간', '브랜드', '행성']",쇼핑,서울
신성종합시장,서울 광진 용마산로 50 (중곡동),37.5581405258,127.088077944,서울 광진구 중곡사거리에 있는 신성종합시장은 2차선 도로를 따라 형성되어 있는 소규모 골목시장이다. 시장 규모는 크지 않지만 정육점 과일가게 생선가게 반찬가게 등 다양한 식자재를 판매하고 있으며 칼국수 순대국밥 닭강정집 만둣집 등 다양한 먹거리를 판매하고 있다.,08:00-22:00,점포별 상이,nan,"['시장', '가게', '규모', '다양', '판매']",쇼핑,서울
신영시장(서울),서울 양천 월정로 161 5,37.5330778105,126.8360432845,신영시장은 즐길 거리 볼거리 먹거리가 있는 신월1동 시장이다. 서울시 25개 자치구 중 최초로 전통시장을 찾는 고객들이 여유로운 쇼핑과 편안한 휴식을 할 수 있도록 서울시 주민참여예산 1억 원을 확보하여 뉴제로마켓과 하늘문화센터를 개장하였다. 전통시장에서 값싸고 신선한 각종 채소 과일 생선 등을 골라 사는 재미와 함께 시장 카페에 들러 커피와 차를 마실 수 있는 휴식 공간을 제공한다. 뉴제로마켓은 양천지역자활센터와 상인회에서 운영하고 있으며 지역밀착형 카페 운영을 통해 전통시장 활성화와 양천구 저소득층의 자립기반 조성에도 기여하고 있다. 하늘문화센터에서는 주민들에게 취미생활을 제공하고 시장 고객과 주민 상인들의 각종 모임이나 취미 공간으로도 활용하고 있다.,점포 별로 상이함,점포 별로 상이함,nan,"['시장', '전통', '주민', '센터', '서울시']",쇼핑,서울
"심리편집샵, 서로",서울 영등포 양평로22길 4 (양평동4가),37.5381810356,126.8943739341,심리편집샵 서로는 ‘나 타인 관계’에 대한 질문을 던지고 서로 속에서 자신을 발견하는 심리 콘텐츠 기반 독립서점이다. “나는 왜 이럴까? 저 사람은 왜 이럴까”에 대한 고민을 함께 풀고자 심리학 서적 심리 워크북 등을 큐레이팅하며 함께 고민에 대해서 이야기하는 커뮤니티 모임을 운영한다. 대표적인 모임은 ‘사랑의 이해’ ‘불안의 이해’가 있다. 모임에서는 건강한 관계를 위해 거리감 있는 깊은 관계를 지향하며 나이 이름 직업 등의 배경을 밝히지 않고 오직 본인이 정한 닉네임으로 관계를 맺는다. 모르는 사람과 블라인드 편지를 나누며 누군가에게는 새로운 사람을 만나는 설렘을 누군가에게는 주변에 터놓기 힘든 고민을 나누는 따듯함을 느낄 수 있다. 또한 시간제 사용권을 통하여 매장에서 책을 읽거나 글을 쓰고 심리워크북을 해보며 몰입의 시간을 즐길 수 있다. 공허하고 의미를 잃기 쉬운 요즘 다양한 명사 작가 철학가 등을 섭외하여 서로의 가치에 대한 강연 팝업 스토어를 연다.,15:00-20:00,매주 일요일~화요일,: 입점브랜드: 체험안내:서로 편지 서비스,"['심리', '관계', '대하', '서로', '사람']",쇼핑,서울
아이닥안경,서울 중 명동3길 6,37.563893534,126.9836150743,아이닥안경은 과학적인 사고로 고객님의 아이웨어를 컨설팅하기 위해 국내 최고의 검안 및 계측 시스템을 운영하고 있다. 일본 아이메트릭사 제휴 안경원으로 고도근시 안경 누진 다초점 안경 특수 직종에 있는 사람들을 위한 기능성 안경 축구 야구 스킨 스쿠버 등의 일반인용 특수 안경 및 고글을 전문 판매한다. 한국에서 제품 주문 시 해외 배송 가능하며 인터넷을 통해 주문 제작이 가능하다. 또한 독일 칼자이스 안경 렌즈 및 일본 호야렌즈 도카이 안경 렌즈 세이코 렌즈 펜탁스렌즈 등 명품 안경렌즈를 취급한다.,10:00-20:00,연중무휴,제조자 이름: 입점브랜드:,"['안경', '렌즈', '아이', '위하', '일본']",쇼핑,서울
아트코리아,서울 종로 자하문로 231,37.5947562474,126.9632160596,아트코리아는 화장품 브랜드 편집 숍이다. 국내/외 브랜드 및 자체 제작 화장품을 판매하고 진열대 제품 시연 및 직원의 설명 서비스를 제공받을 수 있다. 다양한 브랜드가 모여 있어 제품 비교는 물론 피부 타입에 따른 제품 구매에 용이하다. 아트코리아는 외국인을 대상으로 하는 사후면세점으로 운영하고 외국인의 쇼핑 편의성 제고를 위해 영어 중국어 일본어 가능 직원이 상주한다. 단체 방문객이 있을 때나 이벤트 지정 시간대에는 중앙 이벤트 판매장에서 특별 행사 제품을 판매하고 가격 할인 사은품 제공 등 다양한 이벤트도 상시 펼쳐진다.,09:00-17:00,연중무휴,입점브랜드:천비밀 이한카리노 / 천비밀 리타임즈 / 이한카리노 / 리타임즈 / 예한 / TSM,"['제품', '브랜드', '이벤트', '아트', '코리아']",쇼핑,서울
어뮤즈 한남 쇼룸,서울 용산 이태원로55가길 49,37.5364108974,126.9992783141,어뮤즈 한남 쇼룸은 온·오프라인을 아우르는 옴니채널로서 비건 뷰티 브랜드 이미지를 강화하고 어뮤즈의 다양한 제품과 브랜딩을 직접 체험할 수 있는 첫 오프라인 쇼룸이다. 어뮤즈만의 비건 뷰티에 대한 신선한 경험을 제안하고 균형 잡힌 삶의 실천을 위한 브랜드 메시지를 전달하며 새로운 라이프스타일 공간이다. 쇼룸은 어뮤즈의 이야기와 취향이 담긴 ‘전시 공간’ 일상 속 여유를 풍요롭게 되찾을 ‘비건 공간’ 제품을 충분히 경험하고 느껴볼 수 있는 ‘테스터 공간’ 등으로 구성됐으며 곳곳에서 어뮤즈 만의 색채와 감성을 담은 비건 뷰티 큐레이션을 경험할 수 있다.,11:00-20:00,연중무휴,입점브랜드:어뮤즈,"['어뮤즈', '공간', '뷰티', '경험', '브랜드']",쇼핑,서울
언더스탠드에비뉴,서울 성동 왕십리로 63,37.5436136344,127.043596296,2016년 4월 18일 개관한 언더스탠드에비뉴는 민·관·기업 간 상생협력 사회공헌 프로젝트로 탄생한 창조적 공익문화공간이다. 개관 이후 현재까지 약 800만 명이 누적 방문했고 연간 130만 명 이상이 꾸준히 찾는 성동구의 대표 핫플레이스로 꼽힌다. 116개의 컨테이너 박스에서는 사회적 가치를 추구하는 청년 창업가와 함께 어르신 일자리 마련 및 취약 계층 고용도 지속하고 있다. 이로써 언더스탠드에비뉴는 따뜻한 성장을 대표하는 일자리 창출 플랫폼으로서의 역할을 수행하고 있다.,10:00-22:00,설·추석 전날 및 당일 점포 별로 상이함,nan,"['개관', '언더', '스탠드', '사회', '대표']",쇼핑,서울
엠플레이그라운드 홍대본점 (Tax Refund Shop),서울 마포 어울마당로 94 (서교동),37.5533880976,126.9221154207,파란색 컨테이너가 시그니처인 캐주얼 편집숍 브랜드이다. 최신 트렌드를 반영한 의류 디자인과 홍대 특유의 스트릿 감성이 느껴지는 인테리어 및 외관으로 방문 고객들이 브랜드의 독특한 스타일을 직관적으로 경험할 수 있도록 구성되어 있다. 시즌별로 다양한 패션 아이템을 선보이며 특히 10대에서 30대까지의 젊은 소비자들을 겨냥한 제품군을 강조하고 있다. 트렌디한 의류뿐만 아니라 액세서리 잡화 등 다양한 상품을 판매하고 있다.,10:00-24:00,연중무휴,: :,"['브랜드', '의류', '다양', '파란색', '컨테이너']",쇼핑,서울
영일시장,서울 영등포 문래로30길 27 (문래동3가),37.5162531419,126.9007600806,서울 영등포구 문래동에 있는 영일시장은 농산물에 특화된 골목형 전통시장이다. 농산물에 특화된 시장이지만 생선 육류 건어물 식료품 등 일반 시장에서 살 수 있는 물건들도 판매한다. 2007년도 노점상 철거로 규모가 줄어들었으나 지금도 인근 식당과 음식점 슈퍼 전통시장의 상인들이 도매로 물건을 구입해 간다. 새벽 12시부터 4시 사이가 시장이 가장 활발하게 움직이는 시간이고 소매로도 판매한다. 오후 4시가 지나면 문 닫는 점포들도 많다. 지하철 2호선 문래역 6번 출구에서 약 500m 1호선 영등포역 6번 출구 약 600m 거리에 있다.,02:00-18:00,점포별 상이,nan,"['시장', '농산물', '특화', '전통', '물건']",쇼핑,서울
영풍문고 종로점,서울 종로 청계천로 41 지하,37.5696567271,126.9821594881,영풍문고는 1992년 서울 종각에 위치한 영풍빌딩 내에 국내 최대 규모의 종로점을 시작으로 현재 서울시내와 지방 지역을 대표하는 서점이다. 다양한 도서와 편안한 쇼핑 공간을 제공한다. 최신 베스트셀러부터 고전 전공서적 아동서적 외서 등 다양한 분야의 책을 한자리에서 만날 수 있다. 또한 도서뿐만 아니라 문구류 선물용품 음반 등 다양한 상품을 함께 취급하여 방문객들이 여러 가지를 한 번에 구입할 수 있다. 낭독회 사인회 강좌 등 문화행사나 강연 등도 진행되어 책을 사랑하는 이들에게는 더욱 매력적인 장소이다. 종로의 중심에 위치해 있어 접근성도 뛰어나며 많은 사람들이 찾는 문화 명소로 자리 잡고 있다.,10:00-22:00,연중무휴,제조자 이름: 장애인 편의시설:,"['서울', '위치', '종로', '도서', '서적']",쇼핑,서울
우석공예사,서울 종로 창경궁로 88,37.5701042119,126.999680101,은행잎 표 제품들은 엄격한 검사 기준과 품질관리로 출고되며 일본 등 세계 각지로 수출하여 호평받고 있다. 결혼 준비 혼수용품 혹은 외국에 선물이나 기념품 등을 주로 생산하며 우리가 미처 몰랐던 전통공예의 멋을 살려 어디에 내놓아도 손색없는 품위와 다양한 디자인으로 호평받고 있다.,10:00-17:00,매주 일요일,nan,"['호평', '은행잎', '제품', '엄격', '검사']",쇼핑,서울
을지로 철제가구거리,서울 중 을지로,37.5672683908,126.9974609396,을지로가구거리는 필요한 가구를 저렴하게 살 수 있는 거리이다. 을지로가구거리가 다른 가구거리와 다른 점은 상업용 가구들이 많다는 것이 특징이다. 몇 년 전 크게 유행했던 철제가구의 인기가 떨어지면서 여러 가지 가구를 함께 취급하는 가구 전문점이 들어서고 있고 그 사이로 유명 업체 가구점들도 하나둘씩 들어서고 있다. 철제가구는 목제가구에 비해 값이 싸고 튼튼하므로 사무자동화용 가구로 많이 찾는다. 일반 소비자들이 사무용 가구를 한두 개 살 때는 동네가구점보다 10% 정도 싸게 살 수 있다. 사무용 철제책상은 10만 원 부터 20만 원 선이다. 의자는 2만 원 부터 30만 원대까지 있다. 또한 이곳에는 자체 공장을 가진 가게가 많아서 싼값에 직거래할 수 있다는 이점이 있다. 주로 중소업체들인데 의자 책상 등 단일 품목 위주로 생산한다. 자체 생산이 되지 않는 가구류는 다른 공장에서 납품받아 팔고 있다. 주변 조명거리와도 연결되어 있고 인테리어 관련 다양한 가구도 만나볼 수 있다. 황학동 일대가 중고 가구를 판매한다면 을지로는 신제품 판매장이다. 상업용 가구라고 하지만 가정에서도 사용할 수 있는 가구도 있으며 다양한 제품들을 한눈에 볼 수 있다.,점포마다 상이,점포마다 상이,제조자 이름: 입점브랜드:,"['가구', '거리', '을지로', '철제', '사무']",쇼핑,서울
이새,서울 종로 인사동길 30 1 (관훈동),37.5734702409,126.985950701,이새는 화학성분이 들어가지 않은 원단을 사용하여 자연주의 브랜드라는 특징으로 중장년층을 위주로 한 친환경 염색 의류이다. 천연 소재와 천연 염색 한복과 양장이 조화를 이룬 몸에 편안한 실루엣으로 디자인된 옷을 주로 판매한다. 의류뿐만 아니라 가방 신반 모자 등도 천연 소재로 만들어 판매하고 있으며 침구와 앞치마 등의 라이프 용품도 있다. 인사동에 오프라인 매장이 위치해 있으며 온라인으로도 구입할 수 있다.,전화 문의,전화 문의,nan,"['천연', '염색', '의류', '소재', '판매']",쇼핑,서울
이태원 쇼핑거리,서울 용산 이태원동,37.533861039,126.9906791694,이태원 쇼핑거리는 1.4㎞ 도로구간 양측에 밀집한 2 400여개 업소가 다양한 상품을 저렴한 가격에 공급하는 종합 관광지이다. 이태원 쇼핑거리는 특히 다양성과 독특한 디자인의 제품으로 유명하며 여기에서는 주로 패션 아이템 액세서리 예술 작품 등을 찾을 수 있다. 외국인 관광객이 많이 방문하는 곳이라 외국어 소통이 자유롭고 서울 속의 작은 지구촌이다. 서울을 처음 방문하는 외국인들이 쇼핑 관광 숙박 정보 수집 등을 원스톱으로 서비스를 받을 수 있는 외국인 관광 허브이자 세계의 다국적 다민족적 다정체성의 문화적 정서가 수용되고 교감 되는 퓨전 문화지역이다.,매장마다 상이,매장마다 상이,nan,"['쇼핑', '외국인', '이태원', '거리', '다양']",쇼핑,서울
이태원시장,서울 용산 이태원로14길 6,37.533811033,126.9900264524,이태원 시장은 대한민국 서울특별시 용산구 이태원동에 위치한 대표적인 시장 중 하나이다. 이태원은 다양한 문화와 다국적인 분위기가 어우러진 지역으로 유명하며 이곳의 시장도 그 다양성을 반영하고 있다. 이태원 시장에는 전통적인 한국의 소품부터 현대적이고 유니크한 디자인의 제품까지 다양한 상점들이 즐비해 있어 의류 액세서리 가구 공예품 등을 살펴보며 독특한 제품을 찾을 수 있으며 이태원은 다양한 국적의 사람들이 모여 사는 지역이기 때문에 다양한 나라의 음식을 즐길 수 있는 레스토랑과 카페가 많아 이색적인 체험이 가능하다.,점포마다 상이,점포마다 상이,제조자 이름: 입점브랜드:,"['다양', '이태원', '시장', '지역', '제품']",쇼핑,서울
인사동 고미술거리,서울 종로 인사동길 29,37.5732591505,126.9857423926,인사동 고미술거리는 인사동에서 고미술품을 거래하는 점포가 모여있는 거리이다. 현재 인사동 사거리에서 고미술품을 거래하는 점포는 70군데이다. 거래되는 고미술품에는 옛 그림 도자기 목기 금속품이 있다. 통일신라시대의 토기에서부터 조선시대 백자에 이르기까지 골고루 갖추고 있다. 고미술 가게에 따라 각각 고가구 미술품 소품류를 전문으로 하는 곳으로 나뉜다. 특별하게 어느 가게의 물건이 좋고 고가품이라는 기준은 없다. 여기서는 집안의 고미술품을 내다 팔거나 바꿀 수도 있다. 통인가게 건너편 2층에 있는 고미술 경매 주식회사에서는 경매를 주선하며 거래가 이루어지면 매매가의 10%를 수수료로 받을 수 있다. 고미술 경매 주식회사에서는 한 해에 몇 차례씩 고미술품 소장가들의 명품 전시회를 열고 있다.,점포마다 상이,점포마다 상이,제조자 이름: 입점브랜드:,"['고미술품', '고미술', '거래', '인사동', '가게']",쇼핑,서울
인헌시장,서울 관악 봉천동,37.4748535543,126.9656136731,인헌시장은 서울 관악구 인헌동에 위치한 전통 재래시장으로 38년의 역사를 자랑한다. 현대화 사업을 통해 더욱 정돈된 모습으로 주민들에게 사랑받고 있는 곳이다. 큰 규모의 시장은 아니지만 다양한 품목의 식재료와 먹거리 잡화 등을 알차게 판매하고 있어 부족함이 없는 곳이다. 시장 특유의 정겨움도 느낄 수 있다.,점포 별로 상이함,점포 별로 상이함,nan,"['시장', '서울', '관악구', '인헌동', '위치']",쇼핑,서울
자라 롯데 서울역점,서울 용산 청파로 378,37.5532806211,126.9692583497,,10:00-22:00,명절,: :,[],쇼핑,서울
정릉아리랑시장,서울 성북 아리랑로19길 10 (정릉동),37.6027034367,127.0128390879,아리랑고개로도 불리는 서울의 대표 고지대인 정릉에 있는 골목 시장이다. 정릉아리랑시장은 한국 영화 의 배경지였던 것에서 유래해 붙여진 이름으로 아리랑 골목 시장으로도 불린다. 2019년 SBS 예능프로그램 에 시장 내 청국장 전문식당과 지짐이집 수제함박스테이크집이 소개된 이후 맛집이 많은 시장으로 알려져 많은 사람이 방문하고 있다. 인근에 세계문화유산 정릉과 흥천사가 있어 함께 둘러보기 좋다.,점포 별로 상이함,점포 별로 상이함,nan,"['시장', '아리랑', '정릉', '불리', '골목']",쇼핑,서울
종로3가 귀금속 전문상가,서울 종로 종로3가,37.5705317976,126.9917474779,종로 귀금속 거리는 국내 최대 규모의 귀금속 전문 상가이다. 1960년대부터 예지동을 중심으로 그 범위가 확장되면서 종로 전체를 아우르고 있으며 오랜 전통의 귀금속 상가이다. 종로3가역에서 내려 단성사 옆 골목으로 가다 보면 수많은 귀금속 상점이 줄이어선 골목길을 쉽게 찾을 수 있다. 상가 수가 3 000여 개에 달하며 지금도 전국 주얼리 물동량의 70%를 차지할 만큼 활발한 거래가 이루어지고 있다. 시중가보다 약 20~40% 저렴한 가격으로 귀금속을 구매할 수 있어 실속파에게 인기가 많다. 특히 단성사는 11층 가운데 지상 3층에서 지하 1층까지를 귀금속 센터로 꾸며 약 500개의 귀금속 매장을 입점시켰다. 젊은 사람들이 많이 찾으며 혼수품을 구매하는 예비부부의 발걸음이 잦을 뿐만 아니라 단순 쇼핑을 즐기는 젊은 층의 발길도 잦다. 또한 외국인들의 쇼핑 코스로도 인기를 끌고 있다.,매장마다 상이,매장마다 상이,제조자 이름: 입점브랜드:,"['귀금속', '종로', '상가', '단성사', '구매']",쇼핑,서울
종로6가 대학천 책방거리,서울 종로 종로 258,37.5706514924,127.0064683558,대학천 책방거리는 새 책을 싸게 살 수 있는 오래된 골목으로 전국의 출판사와 소규모 서점들을 연결하는 중간 거래처였다. 일반인들에게 널리 알려진 청계천 헌책방거리와는 달리 대학천 책방거리는 많이 알려지지는 않았지만 전국의 1천 5백여 개 출판사와 3천여 개 서점을 연결해 주는 연결다리로 크고 작은 서점의 책들도 거의 이곳 총판을 거치게 된다. 전집류 단행본 잡지류가 주로 유통되고 일부 점포에서는 무협지와 만화책만 전문으로 파는 점포도 있다. 호황기였던 1980년대에는 80개가 넘는 가게들이 있었고 인터넷과 다양한 유통경로의 발달로 가게가 많이 없어졌으나 보유한 중고 책 수량이 많이 책 고르는 재미가 있다.,점포별 상이함,점포별 상이함,제조자 이름: 입점브랜드:,"['거리', '서점', '연결', '대학', '책방']",쇼핑,서울
중곡동 가구거리,서울 광진 천호대로,37.5571404902,127.0796620717,중곡동 가구거리는 1960년대 형성된 곳으로 어린이 대공원 후문에서 군자로 사이에 리바트 삼익가구 등 대형업체의 대리점부터 중소 가구업체까지 65여 개 정도의 숍이 늘어서 있다. 다양한 브랜드의 가구를 비교할 수 있는 중곡동 가구거리는 일반적인 가구는 물론 고급 가구 사무용 가구 학생용 가구 등 다양한 디자인과 용도의 가구들이 전시되어 있다. 또한 가구점마다 주차장을 갖추고 있어 편리한 쇼핑을 할 수 있다.,매장별 상이,매장별 상이,제조자 이름: 입점브랜드:리바트 / 금성침대 / 삼익가구 등,"['가구', '중곡동', '거리', '업체', '다양']",쇼핑,서울
채그로,서울 마포 마포대로4다길 31 (마포동),37.5357044387,126.9442833439,채그로는 책과 만나는 모든 행복한 접점을 만들어 내는 경험 공간이다. 책과 커피 한강뷰를 즐기면서 누구든 와서 행복감을 느낄 수 있는 복합문화공간이다. 넓은 유리창을 통해 한강을 바라보면서 책을 읽거나 사색에 잠기는 등 자기만의 시간을 갖기에 좋다. 친구와 가족과 수다를 떨면서 낭만을 즐기는 것도 대환영이다. 365일 서울 한강의 석양을 볼 수 있는 최고의 명소이며 멋진 서울의 야경을 즐길 수 있다. 채그로 이용가능 공간은 2~3층 5~6층 8~9층이다. 각 층 별로 공간이 나뉘어 있어 부담없이 이용할 수 있다.,09:30-21:30,연중무휴,체험안내:독서모임,"['공간', '한강', '즐기', '채그', '서울']",쇼핑,서울
청량리청과물시장,서울 동대문 왕산로33길 4 (제기동),37.5797288624,127.0424287103,청량리청과물시장은 1958년부터 영업을 시작한 전통과 역사를 가진 청과물 전문 도매시장으로 약 170여 개의 점포가 성업 중이다. 경기도와 강원도에서 올라온 농산물은 이곳 청량리 시장으로 집결된 뒤 전국 각지로 다시 팔려나간다. 도매시장인 만큼 자정부터 새벽까지 시장이 활발하며 과일 외에 일반 시장처럼 야채 수산물 먹거리 등을 판매하는 점포들도 많다. 1호선 청량리역 1번 출구 앞에 있다.,00:00-24:00,nan,제조자 이름: 입점브랜드:,"['시장', '청량리', '청과물', '도매', '점포']",쇼핑,서울
청오가방도매상가,서울 종로 청계천로 229,37.5701348234,127.0029909094,청오가방도매상가로 불리는 이곳은 행정구역상 종로 5가에 속하며 주변 가방상가와 함께 청계천 가방상가로 통칭한다. 1960년대부터 종로 5가와 청계천 주변에 들어서기 시작하여 번성했던 상가들이 청오빌딩으로 이전해 오면서 1 2층 매장에는 의류상가가 지하층과 3 4층은 가방 부속품 도매 상가가 입점했다. 청오가방상가는 자체 공장에서 제작한 고유모델의 가방을 전국의 소매상에게 도매할 뿐만 아니라 일부 점포들은 백화점에 가방을 납품하기도 한다. 여러 가방을 함께 팔기도 하지만 핸드백 서류 가방 여행 가방 학생 가방 등 한두 가지 품목 위주로 파는 전문점이 많다. 유치원 가방 학원 가방 전문점뿐만 아니라 천으로 만든 도시락 가방 등 소품 전문점도 있다.,전화 문의,전화 문의,nan,"['가방', '상가', '도매', '전문점', '종로']",쇼핑,서울
청자 수입상가,서울 중 남대문시장4길 29 (남창동),37.5588356763,126.9773491223,청자수입상가에서는 국내에서는 쉽게 볼 수 없는 국외의 주방용품들과 생활잡화 의류 잡화들을 판매하는 매장들로 구성되어 있다. 지하에서는 주방용품들과 여성 의류 액세서리 등을 만날 수 있고 1층에서는 아동복과 속옷 생활 잡화들을 쇼핑할 수 있다. 쇼핑 후 2층과 3층에 마련된 휴게실과 커피숍 등에서 쇼핑의 피로를 풀 수도 있고 도심 속에서 여유를 즐겨 볼 수도 있다.,점포별 상이함,점포별 상이함,구입방법안내:도 소매 구입가능 전화이용 택배구입 가능 직접 방문 구입 가능 장애인 편의시설:장애인 안내시설,"['잡화', '쇼핑', '주방', '용품', '생활']",쇼핑,서울
퀸프라자,서울 중 남대문시장6길 29,37.5590467765,126.9781046023,퀸프라자는 모든 연령대의 남녀노소 누구나 취향에 맞는 의류를 구입하기 좋은 곳이다. 그리고 다양한 잡화들도 많이 있어 구경하는 재미가 있다. 수많은 매장들로 이루어져 있는 퀸프라자에는 가족단위로 쇼핑을 즐기는 관광객들이 많다. 더욱이 3층에 위치한 명품점에서는 각종 명품 의류와 액세서리 등을 만나 볼 수 있다.,점포별 상이,연중무휴,장애인 편의시설:장애인 안내시설 구입방법안내:도 소매 구입가능 전화이용 택배구입 가능 직접 방문 구입 가능,"['프라자', '의류', '명품', '연령대', '남녀노소']",쇼핑,서울
타임스퀘어,서울 영등포 영중로 15 (영등포동4가),37.5178335971,126.905381837,타임스퀘어(Times square)는 2009년 9월 16일 서울시 영등포에 오픈한 국내 최대 규모의 복합 쇼핑몰이다. 상업∙업무∙문화∙레저가 어우러진 도시형 엔터테인먼트 문화공간(UELC∙Urban Entertailing Lifestyle Center)으로 메리어트호텔 오피스 2개 동 신세계백화점 CGV 멀티플렉스 이마트 교보문고 아모리스 글로벌 SPA 브랜드 자라와 등이 입점해 있다. 초대형 복합 쇼핑몰인 타임스퀘어는 오픈 이후 8개월간 방문객 4 900만 명 매출 6 500억 원을 기록하면서 서울 서남부권의 랜드마크로 자리 잡았다. 지상 1~5층의 아트리움과 패션몰 외벽을 대형 통유리로 처리해 24시간 자연 채광을 받으며 쾌적한 쇼핑을 즐길 수 있는 것이 특징이다. 또한 완벽한 휴식과 여유를 위해 분수 정원과 테라스 공간까지 마련되어 있다.,10:30-22:00,연중무휴,제조자 이름: 입점브랜드:무신사스탠다드 / 유니클로 / 자라 / 무인양품 / 교보문고 등,"['타임스퀘어', '오픈', '복합', '쇼핑몰', '문화']",쇼핑,서울
태릉시장,"서울 중랑 동일로129길 35 (중화동,태능에셈빌)",37.5992605586,127.0775638424,서울 중랑구 중랑역과 중화역 사이에 위치한 태릉시장은 1987년 복개도로 위에 자생한 노점으로 30년 넘게 재래시장 형태로 운영되어 오다가 2021년 서울시 태릉시장 특화 거리 조성 사업으로 시장 환경이 개선되었다. 태릉시장주상복합빌딩(태능에셈빌) 2층까지는 상가들이 입점해 있고 아파트 앞 노점들은 서울시 이동형 가게 모양으로 변화해 대로변에 직선으로 길게 늘어서 있다. 태릉시장 태릉 엔터피아로도 불린다.,점포별 상이,점포별 상이,nan,"['태릉시장', '노점', '서울시', '서울', '중랑구']",쇼핑,서울
테이크어스트릿(Take a street),서울 마포 양화로 45,37.5511159887,126.913699585,브랜드 셀렉트샵 테이크어스트릿(Take a street)은 다양한 아이템을 조합하는 것에 그치는 것이 아니라 매 시즌 상품 구성의 콘셉트를 정해 이야기가 있는 숍을 보여주고자 한다. 감각적인 브랜드만을 선별하여 신발 모자 가방 시계 티셔츠 등의 잡화 및 액세서리 품목을 취급하며 각 아이템으로 새로운 스타일을 연출할 수 있도록 코디 서비스도 지원한다.,12:00-21:00,매주 일요일,제조자 이름: 입점브랜드:,"['브랜드', '아이템', '셀렉트', '테이크', '스트릿']",쇼핑,서울
테크노마트 강변점,서울 광진 광나루로56길 85,37.5355988375,127.0957612191,테크노마트는 전기 전자 전문매장이 2층에서 8층까지 총 1 100여의 매장이 자리 잡고 있으며 쇼핑몰 할인상점 등이 연계되어 있는 대형 쇼핑센터이다. 이곳에서는 전자 전기 제품 상점을 비롯하여 컴퓨터 음향기기 이동통신기기 등을 시중보다 저렴한 가격으로 구입할 수 있으며 A/S도 확실하다. 지하 1 2층과 1층에는 의류 잡화 가정생활용품 식품 등을 저렴하게 구입할 수 있다. 또한 10층에 영화관이 자리하고 있어 쇼핑과 함께 문화생활도 즐길 수 있다. 동서울 종합 터미널과 인접해 있어 교통이 매우 편리하고 지하 입구에는 안내원이 있어 간단한 외국어 서비스도 받을 수 있다.,"점포별, 월별 상이하므로 홈페이지 참조 요망",점포별 상이하므로 홈페이지 참조 요망,nan,"['전기', '전자', '매장', '자리', '상점']",쇼핑,서울
통인시장,서울 종로 자하문로15길 18 (통인동),37.5808190992,126.9699630613,통인시장은 1941년 6월 일제강점기 효자동 인근 일본인들을 위해 설립된 공설시장이 모태이다. 6.25 전쟁 이후 서촌 지역의 급격한 인구 증가로 인한 소비공간의 필요에 따라 공설시장 주변으로 노점과 상점이 형성되면서 점차 시장의 형태를 갖추어 나가게 되었다. 2005년 ‘재래시장 육성을 위한 특별법(현행 전통시장 및 상점가 육성을 위한 특별법)’에 따라 ‘인정시장(認定市場)’으로 등록된 뒤 현대화 시설을 갖추었고 2010년 서울시와 종로구가 주관하는 ‘서울형 문화시장’으로 선정되었다. 2011년에는 시장상인회가 마을기업으로 (주)통인커뮤니티를 법인 등록하여 통합콜센터와 배송센터를 설치하고 온라인 쇼핑몰도 개설하였다. 점포 수는 70여 개로 식당 반찬가게 등 요식 관련 업소가 가장 많고 채소 과일 생선 정육 등 1차 생산품을 판매하는 업소가 그 다음이며 그밖에 내의 등 공산품 옷 수선 업소 등이 있다. 2012년 1월부터 ‘도시락카페 통(通)’을 운영하여 큰 호응을 얻고 있다.,07:00-21:00,"[통인시장]연중무휴 단, 점포 별로 상이함 [도시락카페[ 매주 화요일",제조자 이름: 입점브랜드:,"['시장', '위하', '업소', '공설', '따르']",쇼핑,서울
파르나스몰,서울 강남 테헤란로 521,37.5095984514,127.0608845757,호텔전문기업에서 최초로 선보이는 프리미엄 캐주얼 몰인 파르나스몰은 그랜드 인터컨티넨탈 서울 파르나스 지하 1층의 공간에 위치하고 있다. 파르나스몰은 one and only와 프리미엄을 추구하는 트렌디 쇼핑몰이다. 단순히 물건 구매만을 위한 쇼핑몰이 아닌 예술과 문화 그리고 쇼핑이 공존하는 새로운 개념의 쇼핑몰이다. 파르나스몰에서는 특별하고 품격 있는 브랜드들을 만나볼 수 있으며 문화 아틀리에 PAR T를 포함한 다양한 문화 행사들을 진행하고 있다.,10:30-22:00,연중무휴,입점브랜드:이솝 / 룰루레몬 / 올리브영 / 파타고니아 / 시스티나 등,"['쇼핑몰', '문화', '프리미엄', '파르나', '스몰']",쇼핑,서울
프리스비 (Frisbee) 건대점,서울 용산 한강대로 283 8 (갈월동),37.5435845686,126.9716472947,프리스비 건대점은 국내 최대 Apple 프리미엄 리셀러 매장이다. 최대 규모와 전문성을 자랑하는 No.1 Apple 프리미엄 매장으로 애플의 최신 제품을 가장 먼저 만날 수 있는 체험형 스토어의 선두주자이다. 프리스비는 Apple에서 공식으로 인증을 받은 유통 채널이다. 오프라인의 경우 공식인증 리셀러 프리미엄 리셀러 숍으로 유형이 나뉜다. 프리스비 건대점은 Apple로부터 Apple 해결 방법 서비스 및 지원 위주로 우수한 고객 서비스를 제공하고 있다는 점을 인정받은 매장이다. 프리스비 건대점에서는 아이폰 맥북 아이패드뿐만 아니라 다양한 액세서리를 직접 구매하고 체험해 볼 수 있다. 이 밖에도 좀 더 Apple의 신상품을 빠르게 만나볼 수 있는 사전예약 이벤트를 통해 가격과 서비스 측면에서 혜택을 얻을 수 있다.,11:00-21:00,명절 휴무,제조자 이름: 입점브랜드:Apple(애플) 장애인 편의시설:건물 내 1층 장애인 화장실,"['프리스비', '건대', '프리미엄', '셀러', '매장']",쇼핑,서울
하모니마트 명동역점,서울 중 명동10길 58 신일빌딩 별관 지하,37.5613522015,126.9857705052,하모니마트 명동역점은 서울 지하철 명동역 8번 출구에서 도보 1분 거리에 위치한 신일빌딩 별관 건물 지하 1층에 있는 슈퍼마켓이다. 외국인 입맛에 맞는 한국 김치 김 인삼제품 라면 공예품 생필품 기념품 등을 구비하고 있는데 가장 잘 팔리는 제품은 김 과자세트 인삼차다. 영어·중국어·일본어 응대가 가능하고 엔화와 위안화로도 결제가 가능하다.,08:00-24:00,연중무휴,nan,"['명동역', '제품', '가능', '하모니', '마트']",쇼핑,서울
하우스 도산,서울 강남 압구정로46길 50 (신사동),37.5254239385,127.0356947531,2021년 2월에 문을 연 하우스 도산은 글로벌 패션 아이웨어 브랜드 젠틀몬스터를 운영하는 아이아이컴바인드의 대표 매장이다. 지하 1층~지상 4층 건물에 젠틀몬스터 디저트 브랜드 누데이크 화장품 브랜드 탬버린즈까지 자사의 여러 브랜드가 모여 있다. 하우스 도산은 퓨처 리테일의 새로운 방향성을 제시하고 젠틀몬스터가 선보일 또 다른 퓨처 리테일의 시작점이라고 할 수 있다.,11:00-21:00,연중무휴,입점브랜드:젠틀몬스터 / 누데이크 / 템버린즈 / 아이아이컴바인드 / 크라운구스 등,"['브랜드', '젠틀', '몬스터', '하우스', '도산']",쇼핑,서울
한국공예관,서울 종로 인사동길 33 (관훈동),37.5735368921,126.9855285155,한국공예관에서는 우리 문화와 정성이 가득 담긴 전통공예품을 만날 수 있다. 인사동과 부산 김포공항 국립전주박물관 민속촌 그리고 인터넷 사이트에서 역 공예작가들의 작품을 전시·판매하고 있다. 인사동 판매장은 100여 종에 달하는 상품을 전시 판매하며 직지와 공예비엔날레에 대한 정보를 얻을 수 있다. 주 판매 상품은 나전칠기 한지공예 섬유공예 민예품 은칠보 등 다양한 전통공예품이 있다.,09:00-21:00,연중무휴,제조자 이름: 장애인 편의시설: 구입방법안내:,"['공예', '판매', '전통', '공예품', '인사동']",쇼핑,서울
한국의집 사랑 카페앤아트샵,서울 중 퇴계로36길 10 (필동2가),37.5602774831,126.9945141838,한국문화재재단은 상품개발을 통한 전통고예의 전승 보존과 전통문화의 국내외 홍보에 이바지하며 우리 문화의 세계적 상품화에 주도적인 역할을 하고 있다. 한국문화재재단에서 개발하는 전통문화상품은 전통문양을 응용하고 한국적 조형미를 살려 전통공예기법에 따라 제작한 것들로 우리 고유문화의 이미지를 듬뿍 담고 있다. 한국의 집 카페 앤 아트숍은 전통문화상품을 판매와 동시에 차를 마시고 쉴 수 있는 카페 전통혼례 관련 상담을 하실 수 있는 복합문화공간이다. 문화상품으로는 도자기 나전칠기 화각공예품 한지공예품 섬유공예품 옥공예품 옻칠 및 목공예품 금속공예품 등을 만나볼 수 있다. 한국의 집 사랑 카페 앤 아트숍에서 세계적인 명품으로 손색없는 고품격 한국의 전통문화상품을 만나보자.,10:00-19:00,매주 월요일,제조자 이름: 입점브랜드:,"['전통', '문화', '상품', '공예품', '한국']",쇼핑,서울
한순례한복침구,서울 강남 압구정로 164,37.5265292213,127.0276343445,색상부터 디자인까지 자체 제작하는 한복 맞춤 전문점으로 전통 소품 외에 침구를 포함한 한국 실크 취급 전문점이다. 오직 한 사람만을 위한 작품을 제작·판매하고 있다. 강렬하지 않은 중간색 계열과 화려한 문양을 사용하지 않고 단아하며 편안하게 입을 수 있다. 이 매장에서 제작되는 한복은 손명주(손으로 직접 만든 명주 원단) 등 수작업을 통해 만들어진 고급 소재를 사용하며 천연 염색과 일반 염색의 원단을 선택할 수 있다.,10:00-19:30,매주 월요일,nan,"['제작', '한복', '전문점', '사용', '명주']",쇼핑,서울
해밀톤 쇼핑센터,서울 용산 이태원로 179 (이태원동),37.5347276602,126.9937149795,6호선 이태원역 1번 출구 오른편에 위치한 해밀톤 쇼핑센터는 종합쇼핑센터이다. 이태원 중심지에 위치하고 있어 접근성이 좋으며 유명 브랜드들이 입점해 있다. 각종 의류 및 잡화 뷰티 제품 등 다양한 품목을 구매할 수 있다.,점포별 상이,점포별 상이,nan,"['위치', '쇼핑센터', '호선', '이태원역', '출구']",쇼핑,서울
헤트라스 안국,서울 종로 창덕궁1길 42 (계동),37.5794556725,126.9868810023,라이프 스타일 브랜드 헤트라스는 국내 디퓨저 브랜드이다. 헤트라스의 디퓨저 제품은 한국을 여행하는 동안 트렌디한 편집샵 인타그래머블한 카페 호텔 레스토랑 등에서 손쉽게 마주칠 수 있다. 헤트라스 안국 스토어에서는 고급스럽지만 합리적인 가격대의 다양한 프래그런스 제품들을 만나 볼 수 있다. 기념품이나 선물을 고려한다면 핸드메이드 퍼퓸 핸드크림 등의 제품을 추천한다. 데이트 장소 여행 관광지로 유명한 안국역 북촌 한옥 마을 인근에 위치해 있어 한국적인 정취를 즐기기 위해 방문한 관광객들의 관심을 받고 있다.,11:00-20:00,연중무휴,: :,"['제품', '브랜드', '헤트라스', '디퓨저', '한국']",쇼핑,서울
홍대앞 희망시장,서울 마포 와우산로21길 19 3,37.5521688104,126.9229764878,‘하고 싶은 예술을 하며 모두와 협력하는 문화예술 협동조합’을 줄인 ‘하하협문화예술협동조합’에서 주관 및 운영하고 있는 홍대 앞 희망시장은 우리나라 최초의 수공예문화예술 행사이다. 젊은 창작가와 기획자 및 작가들이 자신의 작품을 인정받고 보여줄 수 있는 곳으로 지역주민들과 새롭고 독특한 문화를 찾아 즐기는 관람객들이 한데 어우러지는 의미 있는 공간으로 자리 잡았다.,13:00-18:00,매주 월요일 / 매년 12월~2월 / 우천시 휴장,제조자 이름: 입점브랜드:,"['예술', '문화', '협동조합', '모두', '협력']",쇼핑,서울
